Year,Month,Anomaly,Unc.
1850,1,-0.744,0.414
1850,2,-0.091,0.507
1850,3,-0.359,0.47
1850,4,-0.647,0.38
1850,5,-0.754,0.207
1850,6,-0.433,0.245
1850,7,-0.286,0.194
1850,8,-0.259,0.2
1850,9,-0.536,0.176
1850,10,-0.675,0.266
1850,11,-0.563,0.355
1850,12,-0.418,0.349
1851,1,-0.233,0.404
1851,2,-0.398,0.397
1851,3,-0.64,0.358
1851,4,-0.728,0.265
1851,5,-0.354,0.31
1851,6,-0.295,0.293
1851,7,-0.211,0.207
1851,8,-0.281,0.263
1851,9,-0.37,0.206
1851,10,-0.143,0.359
1851,11,-0.362,0.3
1851,12,-0.074,0.646
1852,1,-0.131,0.566
1852,2,-0.543,0.459
1852,3,-0.751,0.424
1852,4,-0.551,0.327
1852,5,-0.205,0.31
1852,6,-0.191,0.193
1852,7,-0.08,0.213
1852,8,-0.388,0.204
1852,9,-0.41,0.194
1852,10,-0.202,0.261
1852,11,-0.63,0.32
1852,12,0.043,0.406
1853,1,-0.329,0.517
1853,2,-0.665,0.458
1853,3,-0.43,0.435
1853,4,-0.479,0.256
1853,5,-0.33,0.218
1853,6,-0.242,0.204
1853,7,-0.062,0.234
1853,8,-0.14,0.216
1853,9,-0.444,0.192
1853,10,-0.522,0.308
1853,11,-0.617,0.317
1853,12,-0.268,0.331
1854,1,-0.518,0.475
1854,2,-0.567,0.499
1854,3,-0.273,0.317
1854,4,-0.359,0.264
1854,5,-0.314,0.217
1854,6,-0.509,0.179
1854,7,-0.181,0.207
1854,8,-0.188,0.258
1854,9,-0.339,0.212
1854,10,0.034,0.436
1854,11,-0.268,0.415
1854,12,-0.096,0.492
1855,1,-0.047,0.538
1855,2,-0.072,0.466
1855,3,-0.29,0.383
1855,4,0.088,0.291
1855,5,-0.24,0.286
1855,6,-0.25,0.2
1855,7,-0.343,0.18
1855,8,-0.297,0.249
1855,9,-0.531,0.224
1855,10,-0.358,0.299
1855,11,-0.382,0.315
1855,12,-0.578,0.441
1856,1,-0.139,0.326
1856,2,-0.611,0.344
1856,3,-0.509,0.355
1856,4,-0.328,0.196
1856,5,-0.315,0.223
1856,6,-0.14,0.318
1856,7,-0.386,0.303
1856,8,-0.574,0.221
1856,9,-0.756,0.214
1856,10,-0.651,0.2
1856,11,-0.639,0.27
1856,12,-0.429,0.326
1857,1,-0.569,0.459
1857,2,-0.452,0.476
1857,3,-0.496,0.316
1857,4,-0.834,0.223
1857,5,-0.847,0.229
1857,6,-0.725,0.255
1857,7,-0.556,0.273
1857,8,-0.504,0.211
1857,9,-0.515,0.195
1857,10,-0.497,0.233
1857,11,-0.504,0.264
1857,12,-0.272,0.282
1858,1,-0.14,0.351
1858,2,-0.492,0.296
1858,3,-0.358,0.253
1858,4,-0.208,0.214
1858,5,-0.494,0.187
1858,6,-0.571,0.247
1858,7,-0.514,0.177
1858,8,-0.502,0.189
1858,9,-0.522,0.176
1858,10,-0.284,0.236
1858,11,-0.241,0.285
1858,12,-0.493,0.298
1859,1,-0.31,0.305
1859,2,-0.437,0.358
1859,3,-0.243,0.313
1859,4,-0.138,0.192
1859,5,-0.226,0.216
1859,6,-0.325,0.225
1859,7,-0.49,0.189
1859,8,-0.529,0.179
1859,9,-0.725,0.169
1859,10,-0.464,0.199
1859,11,-0.344,0.251
1859,12,-0.245,0.356
1860,1,-0.372,0.35
1860,2,-0.471,0.337
1860,3,-0.828,0.378
1860,4,-0.488,0.215
1860,5,-0.423,0.219
1860,6,-0.393,0.166
1860,7,-0.307,0.243
1860,8,-0.232,0.216
1860,9,-0.295,0.203
1860,10,-0.315,0.223
1860,11,-0.609,0.193
1860,12,-1.014,0.296
1861,1,-1.16,0.415
1861,2,-0.849,0.31
1861,3,-0.58,0.237
1861,4,-0.386,0.208
1861,5,-0.515,0.208
1861,6,-0.413,0.248
1861,7,-0.353,0.209
1861,8,-0.286,0.205
1861,9,-0.442,0.201
1861,10,-0.477,0.21
1861,11,-0.358,0.227
1861,12,-0.516,0.407
1862,1,-0.825,0.529
1862,2,-0.788,0.294
1862,3,-0.407,0.322
1862,4,-0.478,0.412
1862,5,-0.382,0.229
1862,6,-0.402,0.202
1862,7,-0.456,0.199
1862,8,-0.552,0.202
1862,9,-0.66,0.196
1862,10,-0.546,0.266
1862,11,-0.738,0.367
1862,12,-0.985,0.369
1863,1,-0.099,0.389
1863,2,-0.29,0.429
1863,3,-0.329,0.31
1863,4,-0.31,0.301
1863,5,-0.287,0.266
1863,6,-0.477,0.197
1863,7,-0.434,0.247
1863,8,-0.464,0.215
1863,9,-0.561,0.214
1863,10,-0.461,0.233
1863,11,-0.413,0.253
1863,12,-0.308,0.337
1864,1,-0.542,0.359
1864,2,-0.525,0.418
1864,3,-0.469,0.268
1864,4,-0.38,0.228
1864,5,-0.247,0.216
1864,6,-0.158,0.192
1864,7,-0.237,0.194
1864,8,-0.409,0.193
1864,9,-0.579,0.19
1864,10,-0.364,0.242
1864,11,-0.402,0.296
1864,12,-0.5,0.295
1865,1,0.053,0.361
1865,2,-0.452,0.344
1865,3,-0.565,0.311
1865,4,-0.468,0.303
1865,5,-0.362,0.229
1865,6,-0.215,0.193
1865,7,-0.239,0.238
1865,8,-0.271,0.24
1865,9,-0.258,0.225
1865,10,-0.284,0.248
1865,11,-0.211,0.287
1865,12,-0.477,0.374
1866,1,-0.006,0.405
1866,2,-0.366,0.327
1866,3,-0.46,0.273
1866,4,-0.533,0.227
1866,5,-0.369,0.249
1866,6,-0.247,0.212
1866,7,0.056,0.2
1866,8,-0.266,0.213
1866,9,-0.437,0.239
1866,10,-0.415,0.226
1866,11,-0.234,0.235
1866,12,0.032,0.302
1867,1,-0.207,0.393
1867,2,-0.409,0.346
1867,3,-0.375,0.366
1867,4,-0.264,0.267
1867,5,-0.53,0.192
1867,6,-0.347,0.188
1867,7,-0.347,0.225
1867,8,-0.446,0.246
1867,9,-0.313,0.233
1867,10,-0.074,0.254
1867,11,0.234,0.343
1867,12,-0.161,0.347
1868,1,-0.554,0.367
1868,2,-0.644,0.404
1868,3,-0.392,0.279
1868,4,-0.189,0.255
1868,5,-0.107,0.234
1868,6,-0.207,0.18
1868,7,0.023,0.182
1868,8,-0.093,0.228
1868,9,-0.253,0.188
1868,10,-0.001,0.238
1868,11,-0.378,0.212
1868,12,-0.157,0.303
1869,1,-0.225,0.387
1869,2,0.084,0.296
1869,3,-0.428,0.294
1869,4,-0.338,0.254
1869,5,-0.239,0.245
1869,6,-0.282,0.285
1869,7,-0.36,0.19
1869,8,-0.26,0.244
1869,9,-0.166,0.178
1869,10,-0.229,0.186
1869,11,-0.188,0.262
1869,12,-0.503,0.233
1870,1,-0.343,0.285
1870,2,-0.524,0.357
1870,3,-0.331,0.253
1870,4,-0.347,0.208
1870,5,-0.265,0.213
1870,6,-0.183,0.19
1870,7,-0.118,0.216
1870,8,-0.319,0.18
1870,9,-0.24,0.189
1870,10,-0.375,0.198
1870,11,-0.372,0.319
1870,12,-0.628,0.204
1871,1,-0.495,0.271
1871,2,-0.583,0.389
1871,3,-0.256,0.236
1871,4,-0.118,0.196
1871,5,-0.329,0.207
1871,6,-0.279,0.178
1871,7,-0.209,0.182
1871,8,-0.23,0.205
1871,9,-0.434,0.212
1871,10,-0.281,0.177
1871,11,-0.468,0.229
1871,12,-0.319,0.216
1872,1,-0.475,0.307
1872,2,-0.456,0.33
1872,3,-0.331,0.279
1872,4,-0.379,0.224
1872,5,-0.235,0.277
1872,6,-0.306,0.163
1872,7,-0.127,0.182
1872,8,-0.047,0.175
1872,9,-0.196,0.195
1872,10,-0.183,0.177
1872,11,-0.396,0.194
1872,12,-0.478,0.318
1873,1,-0.278,0.268
1873,2,-0.116,0.258
1873,3,-0.314,0.265
1873,4,-0.521,0.204
1873,5,-0.328,0.203
1873,6,-0.283,0.185
1873,7,-0.18,0.214
1873,8,-0.161,0.173
1873,9,-0.393,0.186
1873,10,-0.243,0.172
1873,11,-0.346,0.243
1873,12,-0.237,0.227
1874,1,-0.212,0.352
1874,2,-0.338,0.275
1874,3,-0.693,0.234
1874,4,-0.436,0.214
1874,5,-0.298,0.264
1874,6,-0.375,0.181
1874,7,-0.333,0.215
1874,8,-0.209,0.192
1874,9,-0.215,0.167
1874,10,-0.331,0.193
1874,11,-0.426,0.172
1874,12,-0.3,0.279
1875,1,-0.485,0.215
1875,2,-0.457,0.254
1875,3,-0.488,0.234
1875,4,-0.416,0.166
1875,5,-0.338,0.175
1875,6,-0.319,0.168
1875,7,-0.286,0.161
1875,8,-0.252,0.186
1875,9,-0.307,0.169
1875,10,-0.221,0.16
1875,11,-0.572,0.181
1875,12,-0.525,0.186
1876,1,-0.433,0.227
1876,2,-0.396,0.194
1876,3,-0.404,0.236
1876,4,-0.337,0.206
1876,5,-0.621,0.221
1876,6,-0.388,0.189
1876,7,-0.209,0.173
1876,8,-0.348,0.175
1876,9,-0.364,0.197
1876,10,-0.357,0.16
1876,11,-0.583,0.195
1876,12,-0.621,0.225
1877,1,-0.238,0.236
1877,2,-0.07,0.255
1877,3,0.034,0.191
1877,4,-0.173,0.172
1877,5,-0.202,0.173
1877,6,-0.117,0.261
1877,7,0.113,0.193
1877,8,0.175,0.184
1877,9,0.08,0.159
1877,10,0.101,0.158
1877,11,0.202,0.208
1877,12,-0.035,0.228
1878,1,-0.058,0.223
1878,2,0.305,0.253
1878,3,0.503,0.213
1878,4,0.265,0.186
1878,5,-0.105,0.185
1878,6,0.045,0.21
1878,7,0.025,0.183
1878,8,0.047,0.162
1878,9,-0.055,0.164
1878,10,-0.045,0.17
1878,11,0.023,0.234
1878,12,-0.152,0.175
1879,1,-0.164,0.214
1879,2,-0.197,0.19
1879,3,-0.187,0.204
1879,4,-0.3,0.193
1879,5,-0.293,0.176
1879,6,-0.218,0.192
1879,7,-0.227,0.173
1879,8,-0.292,0.158
1879,9,-0.323,0.149
1879,10,-0.171,0.161
1879,11,-0.275,0.157
1879,12,-0.449,0.198
1880,1,-0.463,0.203
1880,2,-0.52,0.19
1880,3,-0.261,0.198
1880,4,-0.358,0.189
1880,5,-0.234,0.176
1880,6,-0.291,0.173
1880,7,-0.281,0.186
1880,8,-0.176,0.175
1880,9,-0.401,0.164
1880,10,-0.358,0.177
1880,11,-0.202,0.196
1880,12,-0.294,0.175
1881,1,-0.147,0.215
1881,2,-0.214,0.176
1881,3,-0.105,0.171
1881,4,-0.045,0.159
1881,5,-0.099,0.172
1881,6,-0.368,0.174
1881,7,-0.187,0.154
1881,8,-0.202,0.166
1881,9,-0.354,0.159
1881,10,-0.279,0.157
1881,11,-0.441,0.149
1881,12,-0.281,0.229
1882,1,0.057,0.172
1882,2,-0.018,0.184
1882,3,-0.128,0.158
1882,4,-0.281,0.163
1882,5,-0.269,0.166
1882,6,-0.351,0.166
1882,7,-0.349,0.173
1882,8,-0.196,0.185
1882,9,-0.242,0.159
1882,10,-0.381,0.172
1882,11,-0.461,0.199
1882,12,-0.592,0.173
1883,1,-0.448,0.199
1883,2,-0.508,0.189
1883,3,-0.17,0.182
1883,4,-0.39,0.187
1883,5,-0.258,0.174
1883,6,-0.134,0.163
1883,7,-0.271,0.16
1883,8,-0.354,0.154
1883,9,-0.392,0.138
1883,10,-0.323,0.129
1883,11,-0.54,0.145
1883,12,-0.312,0.183
1884,1,-0.292,0.19
1884,2,-0.278,0.201
1884,3,-0.546,0.166
1884,4,-0.573,0.157
1884,5,-0.558,0.171
1884,6,-0.506,0.168
1884,7,-0.559,0.142
1884,8,-0.526,0.158
1884,9,-0.515,0.141
1884,10,-0.431,0.142
1884,11,-0.622,0.163
1884,12,-0.487,0.158
1885,1,-0.762,0.226
1885,2,-0.494,0.202
1885,3,-0.44,0.161
1885,4,-0.607,0.157
1885,5,-0.553,0.156
1885,6,-0.587,0.148
1885,7,-0.394,0.169
1885,8,-0.435,0.161
1885,9,-0.454,0.146
1885,10,-0.341,0.154
1885,11,-0.391,0.152
1885,12,-0.209,0.184
1886,1,-0.645,0.19
1886,2,-0.684,0.171
1886,3,-0.579,0.149
1886,4,-0.469,0.159
1886,5,-0.317,0.164
1886,6,-0.499,0.148
1886,7,-0.322,0.166
1886,8,-0.437,0.151
1886,9,-0.497,0.14
1886,10,-0.463,0.15
1886,11,-0.609,0.13
1886,12,-0.486,0.166
1887,1,-1.015,0.204
1887,2,-0.788,0.248
1887,3,-0.539,0.151
1887,4,-0.43,0.148
1887,5,-0.431,0.172
1887,6,-0.457,0.144
1887,7,-0.354,0.143
1887,8,-0.538,0.148
1887,9,-0.419,0.139
1887,10,-0.432,0.146
1887,11,-0.42,0.171
1887,12,-0.438,0.174
1888,1,-0.403,0.161
1888,2,-0.566,0.191
1888,3,-0.516,0.166
1888,4,-0.392,0.163
1888,5,-0.386,0.152
1888,6,-0.344,0.153
1888,7,-0.259,0.137
1888,8,-0.287,0.151
1888,9,-0.344,0.151
1888,10,-0.085,0.153
1888,11,-0.185,0.153
1888,12,-0.188,0.165
1889,1,-0.179,0.158
1889,2,0.158,0.161
1889,3,-0.004,0.148
1889,4,0.027,0.132
1889,5,-0.147,0.158
1889,6,-0.201,0.143
1889,7,-0.166,0.161
1889,8,-0.294,0.155
1889,9,-0.418,0.138
1889,10,-0.292,0.129
1889,11,-0.526,0.18
1889,12,-0.415,0.184
1890,1,-0.579,0.164
1890,2,-0.517,0.17
1890,3,-0.602,0.159
1890,4,-0.482,0.139
1890,5,-0.501,0.15
1890,6,-0.429,0.164
1890,7,-0.403,0.154
1890,8,-0.471,0.148
1890,9,-0.524,0.153
1890,10,-0.315,0.136
1890,11,-0.631,0.143
1890,12,-0.398,0.171
1891,1,-0.505,0.163
1891,2,-0.632,0.158
1891,3,-0.24,0.147
1891,4,-0.384,0.156
1891,5,-0.265,0.153
1891,6,-0.375,0.137
1891,7,-0.39,0.157
1891,8,-0.325,0.167
1891,9,-0.275,0.15
1891,10,-0.362,0.131
1891,11,-0.555,0.158
1891,12,-0.177,0.167
1892,1,-0.292,0.161
1892,2,-0.191,0.164
1892,3,-0.463,0.159
1892,4,-0.543,0.145
1892,5,-0.455,0.16
1892,6,-0.322,0.14
1892,7,-0.505,0.154
1892,8,-0.448,0.15
1892,9,-0.354,0.137
1892,10,-0.213,0.134
1892,11,-0.742,0.186
1892,12,-0.47,0.187
1893,1,-0.886,0.157
1893,2,-0.615,0.163
1893,3,-0.298,0.136
1893,4,-0.397,0.131
1893,5,-0.409,0.15
1893,6,-0.309,0.145
1893,7,-0.2,0.154
1893,8,-0.288,0.154
1893,9,-0.379,0.139
1893,10,-0.22,0.133
1893,11,-0.33,0.131
1893,12,-0.413,0.19
1894,1,-0.564,0.193
1894,2,-0.411,0.19
1894,3,-0.32,0.162
1894,4,-0.534,0.157
1894,5,-0.403,0.152
1894,6,-0.452,0.134
1894,7,-0.306,0.154
1894,8,-0.317,0.168
1894,9,-0.391,0.145
1894,10,-0.201,0.127
1894,11,-0.424,0.141
1894,12,-0.35,0.149
1895,1,-0.477,0.15
1895,2,-0.519,0.163
1895,3,-0.448,0.167
1895,4,-0.282,0.158
1895,5,-0.377,0.154
1895,6,-0.297,0.135
1895,7,-0.25,0.157
1895,8,-0.301,0.159
1895,9,-0.347,0.145
1895,10,-0.242,0.129
1895,11,-0.266,0.142
1895,12,-0.211,0.16
1896,1,-0.229,0.163
1896,2,-0.306,0.143
1896,3,-0.448,0.148
1896,4,-0.486,0.16
1896,5,-0.27,0.159
1896,6,-0.145,0.137
1896,7,-0.104,0.154
1896,8,-0.111,0.174
1896,9,-0.184,0.163
1896,10,-0.062,0.15
1896,11,-0.266,0.145
1896,12,-0.137,0.169
1897,1,-0.243,0.172
1897,2,-0.334,0.155
1897,3,-0.319,0.135
1897,4,-0.104,0.142
1897,5,-0.031,0.145
1897,6,-0.168,0.136
1897,7,-0.169,0.149
1897,8,-0.203,0.16
1897,9,-0.265,0.14
1897,10,-0.231,0.157
1897,11,-0.394,0.156
1897,12,-0.312,0.135
1898,1,-0.184,0.155
1898,2,-0.51,0.154
1898,3,-0.66,0.14
1898,4,-0.432,0.146
1898,5,-0.45,0.146
1898,6,-0.251,0.181
1898,7,-0.334,0.163
1898,8,-0.359,0.159
1898,9,-0.4,0.149
1898,10,-0.485,0.115
1898,11,-0.559,0.135
1898,12,-0.44,0.153
1899,1,-0.272,0.132
1899,2,-0.489,0.142
1899,3,-0.438,0.127
1899,4,-0.245,0.144
1899,5,-0.258,0.149
1899,6,-0.418,0.123
1899,7,-0.278,0.157
1899,8,-0.122,0.16
1899,9,-0.114,0.131
1899,10,-0.075,0.123
1899,11,0.042,0.142
1899,12,-0.332,0.145
1900,1,-0.478,0.154
1900,2,-0.029,0.145
1900,3,0.016,0.121
1900,4,-0.128,0.138
1900,5,-0.094,0.15
1900,6,-0.175,0.149
1900,7,-0.187,0.155
1900,8,-0.167,0.146
1900,9,-0.167,0.141
1900,10,0.033,0.129
1900,11,-0.201,0.135
1900,12,-0.184,0.161
1901,1,-0.317,0.16
1901,2,-0.132,0.153
1901,3,-0.04,0.123
1901,4,-0.045,0.141
1901,5,-0.163,0.152
1901,6,-0.218,0.134
1901,7,-0.228,0.166
1901,8,-0.197,0.173
1901,9,-0.292,0.155
1901,10,-0.304,0.14
1901,11,-0.35,0.16
1901,12,-0.329,0.14
1902,1,-0.304,0.134
1902,2,-0.093,0.135
1902,3,-0.406,0.122
1902,4,-0.356,0.134
1902,5,-0.368,0.153
1902,6,-0.372,0.136
1902,7,-0.278,0.145
1902,8,-0.281,0.156
1902,9,-0.306,0.14
1902,10,-0.388,0.121
1902,11,-0.574,0.127
1902,12,-0.542,0.139
1903,1,-0.291,0.146
1903,2,-0.139,0.129
1903,3,-0.327,0.121
1903,4,-0.533,0.134
1903,5,-0.471,0.144
1903,6,-0.544,0.142
1903,7,-0.46,0.149
1903,8,-0.571,0.158
1903,9,-0.6,0.155
1903,10,-0.573,0.122
1903,11,-0.594,0.132
1903,12,-0.542,0.134
1904,1,-0.662,0.133
1904,2,-0.65,0.129
1904,3,-0.471,0.121
1904,4,-0.531,0.131
1904,5,-0.526,0.141
1904,6,-0.489,0.132
1904,7,-0.481,0.153
1904,8,-0.486,0.155
1904,9,-0.59,0.135
1904,10,-0.455,0.122
1904,11,-0.302,0.12
1904,12,-0.352,0.117
1905,1,-0.327,0.147
1905,2,-0.663,0.137
1905,3,-0.365,0.117
1905,4,-0.422,0.133
1905,5,-0.313,0.149
1905,6,-0.354,0.14
1905,7,-0.357,0.152
1905,8,-0.306,0.148
1905,9,-0.333,0.136
1905,10,-0.306,0.13
1905,11,-0.18,0.122
1905,12,-0.316,0.129
1906,1,-0.352,0.139
1906,2,-0.357,0.122
1906,3,-0.149,0.124
1906,4,-0.053,0.126
1906,5,-0.307,0.151
1906,6,-0.245,0.135
1906,7,-0.307,0.152
1906,8,-0.275,0.143
1906,9,-0.369,0.132
1906,10,-0.192,0.125
1906,11,-0.446,0.121
1906,12,-0.177,0.138
1907,1,-0.444,0.119
1907,2,-0.612,0.133
1907,3,-0.28,0.129
1907,4,-0.399,0.135
1907,5,-0.521,0.145
1907,6,-0.469,0.14
1907,7,-0.408,0.155
1907,8,-0.444,0.153
1907,9,-0.426,0.131
1907,10,-0.228,0.114
1907,11,-0.593,0.111
1907,12,-0.533,0.128
1908,1,-0.442,0.14
1908,2,-0.343,0.146
1908,3,-0.657,0.132
1908,4,-0.5,0.127
1908,5,-0.311,0.143
1908,6,-0.351,0.136
1908,7,-0.364,0.144
1908,8,-0.506,0.152
1908,9,-0.373,0.142
1908,10,-0.482,0.115
1908,11,-0.629,0.125
1908,12,-0.587,0.128
1909,1,-0.781,0.13
1909,2,-0.497,0.148
1909,3,-0.576,0.123
1909,4,-0.597,0.144
1909,5,-0.546,0.135
1909,6,-0.538,0.13
1909,7,-0.527,0.141
1909,8,-0.348,0.147
1909,9,-0.498,0.128
1909,10,-0.418,0.121
1909,11,-0.425,0.115
1909,12,-0.543,0.15
1910,1,-0.445,0.123
1910,2,-0.522,0.141
1910,3,-0.612,0.129
1910,4,-0.46,0.137
1910,5,-0.37,0.145
1910,6,-0.418,0.124
1910,7,-0.416,0.144
1910,8,-0.421,0.15
1910,9,-0.455,0.13
1910,10,-0.404,0.116
1910,11,-0.674,0.125
1910,12,-0.781,0.131
1911,1,-0.727,0.119
1911,2,-0.66,0.115
1911,3,-0.686,0.126
1911,4,-0.56,0.128
1911,5,-0.582,0.144
1911,6,-0.559,0.136
1911,7,-0.508,0.15
1911,8,-0.485,0.151
1911,9,-0.523,0.141
1911,10,-0.293,0.116
1911,11,-0.353,0.121
1911,12,-0.34,0.117
1912,1,-0.312,0.122
1912,2,-0.247,0.124
1912,3,-0.473,0.122
1912,4,-0.208,0.128
1912,5,-0.282,0.139
1912,6,-0.296,0.132
1912,7,-0.538,0.14
1912,8,-0.619,0.148
1912,9,-0.664,0.131
1912,10,-0.68,0.123
1912,11,-0.524,0.118
1912,12,-0.523,0.12
1913,1,-0.535,0.113
1913,2,-0.476,0.12
1913,3,-0.473,0.106
1913,4,-0.318,0.138
1913,5,-0.41,0.135
1913,6,-0.484,0.117
1913,7,-0.438,0.135
1913,8,-0.371,0.142
1913,9,-0.462,0.126
1913,10,-0.395,0.122
1913,11,-0.358,0.129
1913,12,-0.093,0.121
1914,1,-0.027,0.125
1914,2,-0.291,0.126
1914,3,-0.347,0.122
1914,4,-0.297,0.126
1914,5,-0.218,0.138
1914,6,-0.265,0.117
1914,7,-0.339,0.14
1914,8,-0.207,0.145
1914,9,-0.245,0.141
1914,10,-0.124,0.125
1914,11,-0.297,0.129
1914,12,-0.069,0.139
1915,1,-0.232,0.135
1915,2,-0.128,0.15
1915,3,-0.098,0.135
1915,4,0.083,0.136
1915,5,-0.021,0.145
1915,6,-0.244,0.137
1915,7,-0.147,0.156
1915,8,-0.097,0.158
1915,9,-0.225,0.139
1915,10,-0.308,0.124
1915,11,-0.156,0.13
1915,12,-0.27,0.131
1916,1,-0.205,0.134
1916,2,-0.236,0.139
1916,3,-0.271,0.139
1916,4,-0.317,0.136
1916,5,-0.319,0.145
1916,6,-0.395,0.139
1916,7,-0.398,0.159
1916,8,-0.365,0.155
1916,9,-0.446,0.142
1916,10,-0.434,0.143
1916,11,-0.636,0.155
1916,12,-0.872,0.145
1917,1,-0.681,0.158
1917,2,-0.658,0.158
1917,3,-0.63,0.129
1917,4,-0.491,0.144
1917,5,-0.589,0.149
1917,6,-0.499,0.133
1917,7,-0.256,0.147
1917,8,-0.329,0.158
1917,9,-0.341,0.144
1917,10,-0.479,0.124
1917,11,-0.465,0.132
1917,12,-0.716,0.148
1918,1,-0.491,0.137
1918,2,-0.501,0.14
1918,3,-0.377,0.13
1918,4,-0.496,0.134
1918,5,-0.436,0.148
1918,6,-0.395,0.136
1918,7,-0.366,0.148
1918,8,-0.391,0.151
1918,9,-0.219,0.134
1918,10,-0.064,0.128
1918,11,-0.222,0.135
1918,12,-0.326,0.142
1919,1,-0.245,0.14
1919,2,-0.223,0.159
1919,3,-0.211,0.137
1919,4,-0.055,0.139
1919,5,-0.229,0.138
1919,6,-0.327,0.133
1919,7,-0.348,0.149
1919,8,-0.295,0.166
1919,9,-0.279,0.143
1919,10,-0.215,0.133
1919,11,-0.54,0.136
1919,12,-0.444,0.147
1920,1,-0.281,0.137
1920,2,-0.371,0.153
1920,3,-0.148,0.132
1920,4,-0.197,0.152
1920,5,-0.219,0.14
1920,6,-0.273,0.131
1920,7,-0.274,0.149
1920,8,-0.234,0.16
1920,9,-0.219,0.148
1920,10,-0.188,0.135
1920,11,-0.278,0.132
1920,12,-0.466,0.127
1921,1,-0.063,0.128
1921,2,-0.207,0.13
1921,3,-0.3,0.121
1921,4,-0.277,0.13
1921,5,-0.288,0.136
1921,6,-0.163,0.13
1921,7,-0.162,0.149
1921,8,-0.317,0.151
1921,9,-0.184,0.134
1921,10,-0.049,0.133
1921,11,-0.125,0.124
1921,12,-0.117,0.123
1922,1,-0.3,0.133
1922,2,-0.427,0.13
1922,3,-0.147,0.125
1922,4,-0.13,0.131
1922,5,-0.332,0.141
1922,6,-0.276,0.127
1922,7,-0.216,0.147
1922,8,-0.367,0.152
1922,9,-0.371,0.129
1922,10,-0.356,0.132
1922,11,-0.273,0.13
1922,12,-0.197,0.121
1923,1,-0.325,0.125
1923,2,-0.425,0.123
1923,3,-0.413,0.12
1923,4,-0.344,0.135
1923,5,-0.338,0.138
1923,6,-0.218,0.121
1923,7,-0.373,0.141
1923,8,-0.328,0.146
1923,9,-0.361,0.125
1923,10,-0.076,0.115
1923,11,0.02,0.126
1923,12,0.009,0.125
1924,1,-0.253,0.134
1924,2,-0.262,0.132
1924,3,-0.037,0.12
1924,4,-0.268,0.133
1924,5,-0.149,0.134
1924,6,-0.222,0.12
1924,7,-0.265,0.138
1924,8,-0.319,0.142
1924,9,-0.31,0.13
1924,10,-0.327,0.128
1924,11,-0.23,0.115
1924,12,-0.365,0.128
1925,1,-0.402,0.135
1925,2,-0.481,0.116
1925,3,-0.247,0.12
1925,4,-0.252,0.124
1925,5,-0.234,0.139
1925,6,-0.285,0.124
1925,7,-0.25,0.137
1925,8,-0.165,0.147
1925,9,-0.2,0.128
1925,10,-0.139,0.118
1925,11,-0.006,0.123
1925,12,0.186,0.125
1926,1,0.233,0.121
1926,2,0.004,0.121
1926,3,0.16,0.119
1926,4,-0.073,0.133
1926,5,-0.184,0.139
1926,6,-0.172,0.125
1926,7,-0.212,0.144
1926,8,-0.095,0.151
1926,9,-0.1,0.124
1926,10,0.032,0.118
1926,11,-0.022,0.119
1926,12,-0.211,0.124
1927,1,-0.206,0.125
1927,2,-0.157,0.139
1927,3,-0.381,0.116
1927,4,-0.29,0.131
1927,5,-0.177,0.138
1927,6,-0.211,0.116
1927,7,-0.157,0.142
1927,8,-0.151,0.143
1927,9,-0.108,0.129
1927,10,0.076,0.117
1927,11,-0.04,0.129
1927,12,-0.237,0.122
1928,1,0.15,0.127
1928,2,-0.038,0.124
1928,3,-0.195,0.128
1928,4,-0.175,0.127
1928,5,-0.249,0.139
1928,6,-0.333,0.122
1928,7,-0.175,0.14
1928,8,-0.205,0.147
1928,9,-0.242,0.128
1928,10,-0.123,0.113
1928,11,-0.086,0.129
1928,12,-0.119,0.121
1929,1,-0.376,0.136
1929,2,-0.523,0.126
1929,3,-0.371,0.128
1929,4,-0.34,0.127
1929,5,-0.391,0.133
1929,6,-0.421,0.117
1929,7,-0.4,0.142
1929,8,-0.261,0.15
1929,9,-0.261,0.134
1929,10,-0.1,0.112
1929,11,-0.139,0.125
1929,12,-0.514,0.134
1930,1,-0.2,0.129
1930,2,-0.305,0.126
1930,3,-0.094,0.131
1930,4,-0.219,0.137
1930,5,-0.171,0.137
1930,6,-0.219,0.135
1930,7,-0.105,0.144
1930,8,-0.1,0.156
1930,9,-0.087,0.133
1930,10,-0.061,0.121
1930,11,0.141,0.125
1930,12,0.007,0.127
1931,1,-0.049,0.127
1931,2,-0.226,0.133
1931,3,-0.096,0.129
1931,4,-0.189,0.131
1931,5,-0.205,0.136
1931,6,-0.053,0.13
1931,7,0.016,0.145
1931,8,0.007,0.156
1931,9,-0.043,0.133
1931,10,0.083,0.121
1931,11,-0.087,0.124
1931,12,0.013,0.129
1932,1,0.132,0.132
1932,2,-0.179,0.127
1932,3,-0.103,0.13
1932,4,0.068,0.131
1932,5,-0.053,0.135
1932,6,-0.187,0.123
1932,7,-0.155,0.145
1932,8,-0.185,0.151
1932,9,-0.012,0.128
1932,10,-0.031,0.114
1932,11,-0.28,0.125
1932,12,-0.183,0.122
1933,1,-0.261,0.123
1933,2,-0.272,0.124
1933,3,-0.276,0.122
1933,4,-0.229,0.131
1933,5,-0.253,0.137
1933,6,-0.369,0.131
1933,7,-0.261,0.145
1933,8,-0.207,0.146
1933,9,-0.302,0.132
1933,10,-0.235,0.117
1933,11,-0.354,0.119
1933,12,-0.402,0.133
1934,1,-0.267,0.125
1934,2,-0.079,0.126
1934,3,-0.35,0.124
1934,4,-0.315,0.133
1934,5,-0.123,0.134
1934,6,-0.129,0.125
1934,7,-0.116,0.144
1934,8,-0.136,0.151
1934,9,-0.181,0.125
1934,10,-0.019,0.116
1934,11,0.047,0.118
1934,12,-0.021,0.124
1935,1,-0.289,0.12
1935,2,0.081,0.119
1935,3,-0.121,0.125
1935,4,-0.308,0.129
1935,5,-0.251,0.135
1935,6,-0.178,0.127
1935,7,-0.164,0.144
1935,8,-0.191,0.148
1935,9,-0.217,0.128
1935,10,-0.03,0.116
1935,11,-0.383,0.121
1935,12,-0.176,0.123
1936,1,-0.292,0.119
1936,2,-0.309,0.12
1936,3,-0.277,0.122
1936,4,-0.177,0.135
1936,5,-0.159,0.14
1936,6,-0.15,0.124
1936,7,-0.03,0.145
1936,8,-0.083,0.146
1936,9,-0.116,0.124
1936,10,0.025,0.113
1936,11,-0.079,0.124
1936,12,0.041,0.12
1937,1,-0.018,0.123
1937,2,0.114,0.126
1937,3,-0.122,0.131
1937,4,-0.094,0.128
1937,5,-0.024,0.137
1937,6,0.026,0.125
1937,7,0.047,0.139
1937,8,0.042,0.144
1937,9,0.133,0.129
1937,10,0.166,0.118
1937,11,0.099,0.126
1937,12,0.029,0.128
1938,1,0.125,0.119
1938,2,0.048,0.136
1938,3,0.097,0.128
1938,4,0.126,0.138
1938,5,-0.056,0.139
1938,6,-0.09,0.125
1938,7,-0.062,0.143
1938,8,0.012,0.145
1938,9,0.082,0.131
1938,10,0.229,0.129
1938,11,0.067,0.128
1938,12,-0.105,0.126
1939,1,-0.004,0.13
1939,2,-0.08,0.129
1939,3,-0.156,0.126
1939,4,0.013,0.13
1939,5,0.088,0.141
1939,6,0.023,0.119
1939,7,0.011,0.147
1939,8,-0.005,0.152
1939,9,-0.033,0.135
1939,10,-0.094,0.127
1939,11,-0.067,0.127
1939,12,0.453,0.129
1940,1,0.152,0.133
1940,2,0.136,0.132
1940,3,0.111,0.122
1940,4,0.179,0.131
1940,5,0.052,0.133
1940,6,0.037,0.121
1940,7,0.166,0.141
1940,8,0.068,0.142
1940,9,0.141,0.131
1940,10,0.043,0.118
1940,11,-0.013,0.118
1940,12,0.241,0.12
1941,1,0.072,0.111
1941,2,0.184,0.114
1941,3,-0.023,0.106
1941,4,0.046,0.121
1941,5,0.072,0.135
1941,6,0.091,0.118
1941,7,0.152,0.133
1941,8,0.023,0.137
1941,9,-0.167,0.119
1941,10,0.252,0.108
1941,11,0.022,0.113
1941,12,0.267,0.125
1942,1,0.377,0.12
1942,2,0.004,0.118
1942,3,0.078,0.117
1942,4,-0.01,0.129
1942,5,0.049,0.138
1942,6,0.018,0.124
1942,7,-0.039,0.14
1942,8,-0.096,0.147
1942,9,-0.088,0.131
1942,10,0.006,0.121
1942,11,0.029,0.116
1942,12,0.154,0.116
1943,1,-0.023,0.126
1943,2,0.113,0.125
1943,3,-0.035,0.123
1943,4,0.116,0.137
1943,5,0.07,0.142
1943,6,-0.057,0.127
1943,7,0.031,0.144
1943,8,0.062,0.147
1943,9,0.015,0.126
1943,10,0.291,0.114
1943,11,0.149,0.124
1943,12,0.24,0.119
1944,1,0.328,0.12
1944,2,0.219,0.117
1944,3,0.22,0.113
1944,4,0.147,0.123
1944,5,0.132,0.134
1944,6,0.104,0.124
1944,7,0.146,0.136
1944,8,0.192,0.147
1944,9,0.171,0.121
1944,10,0.252,0.115
1944,11,0.001,0.118
1944,12,0.067,0.124
1945,1,0.094,0.119
1945,2,-0.053,0.121
1945,3,0.018,0.115
1945,4,0.152,0.131
1945,5,-0.027,0.135
1945,6,-0.039,0.126
1945,7,-0.071,0.139
1945,8,0.187,0.146
1945,9,0.067,0.129
1945,10,0.183,0.11
1945,11,-0.035,0.115
1945,12,-0.098,0.124
1946,1,0.057,0.124
1946,2,-0.031,0.121
1946,3,0.079,0.117
1946,4,0.101,0.129
1946,5,-0.037,0.137
1946,6,-0.153,0.133
1946,7,-0.034,0.139
1946,8,-0.148,0.148
1946,9,-0.078,0.136
1946,10,0.016,0.126
1946,11,-0.034,0.118
1946,12,-0.205,0.113
1947,1,0.072,0.121
1947,2,0.111,0.105
1947,3,0.206,0.123
1947,4,0.127,0.131
1947,5,0.019,0.142
1947,6,0.009,0.126
1947,7,0.014,0.145
1947,8,-0.063,0.143
1947,9,-0.024,0.132
1947,10,0.198,0.131
1947,11,0.099,0.13
1947,12,-0.014,0.129
1948,1,0.116,0.118
1948,2,-0.143,0.121
1948,3,-0.172,0.131
1948,4,-0.006,0.131
1948,5,0.094,0.143
1948,6,0.082,0.131
1948,7,-0.06,0.148
1948,8,0.003,0.144
1948,9,-0.087,0.128
1948,10,0.025,0.125
1948,11,-0.149,0.132
1948,12,-0.277,0.129
1949,1,0.13,0.105
1949,2,-0.17,0.107
1949,3,-0.025,0.103
1949,4,-0.04,0.113
1949,5,-0.04,0.125
1949,6,-0.243,0.113
1949,7,-0.171,0.128
1949,8,-0.088,0.131
1949,9,-0.134,0.115
1949,10,0.006,0.101
1949,11,-0.097,0.103
1949,12,-0.042,0.106
1950,1,-0.2,0.098
1950,2,-0.318,0.099
1950,3,-0.095,0.09
1950,4,-0.192,0.108
1950,5,-0.035,0.116
1950,6,-0.003,0.11
1950,7,-0.004,0.129
1950,8,-0.149,0.114
1950,9,-0.168,0.107
1950,10,-0.148,0.104
1950,11,-0.352,0.098
1950,12,-0.158,0.095
1951,1,-0.284,0.091
1951,2,-0.384,0.091
1951,3,-0.122,0.096
1951,4,-0.017,0.101
1951,5,0.138,0.113
1951,6,0.125,0.107
1951,7,0.096,0.119
1951,8,0.217,0.118
1951,9,0.118,0.112
1951,10,0.178,0.097
1951,11,0.015,0.09
1951,12,0.228,0.088
1952,1,0.223,0.093
1952,2,0.186,0.091
1952,3,-0.05,0.1
1952,4,0.098,0.109
1952,5,0.085,0.124
1952,6,0.096,0.111
1952,7,0.131,0.129
1952,8,0.126,0.131
1952,9,0.124,0.112
1952,10,0.065,0.099
1952,11,-0.1,0.102
1952,12,0.092,0.099
1953,1,0.103,0.095
1953,2,0.195,0.095
1953,3,0.118,0.098
1953,4,0.325,0.112
1953,5,0.237,0.123
1953,6,0.244,0.113
1953,7,0.129,0.129
1953,8,0.146,0.129
1953,9,0.132,0.111
1953,10,0.117,0.099
1953,11,-0.023,0.096
1953,12,0.122,0.102
1954,1,-0.185,0.098
1954,2,-0.046,0.101
1954,3,-0.068,0.097
1954,4,0.008,0.112
1954,5,-0.033,0.115
1954,6,-0.042,0.107
1954,7,-0.121,0.115
1954,8,-0.074,0.111
1954,9,-0.082,0.107
1954,10,0.082,0.1
1954,11,0.128,0.1
1954,12,-0.079,0.105
1955,1,0.232,0.092
1955,2,-0.16,0.092
1955,3,-0.266,0.082
1955,4,-0.113,0.1
1955,5,-0.174,0.103
1955,6,-0.058,0.096
1955,7,-0.114,0.106
1955,8,0.116,0.11
1955,9,-0.134,0.092
1955,10,0.013,0.088
1955,11,-0.247,0.084
1955,12,-0.222,0.081
1956,1,-0.075,0.079
1956,2,-0.149,0.072
1956,3,-0.19,0.071
1956,4,-0.22,0.09
1956,5,-0.232,0.1
1956,6,-0.161,0.088
1956,7,-0.088,0.086
1956,8,-0.279,0.081
1956,9,-0.179,0.078
1956,10,-0.263,0.074
1956,11,-0.15,0.076
1956,12,0.038,0.073
1957,1,-0.064,0.07
1957,2,-0.008,0.066
1957,3,-0.036,0.065
1957,4,0.085,0.09
1957,5,0.159,0.082
1957,6,0.234,0.095
1957,7,0.021,0.103
1957,8,0.177,0.095
1957,9,0.085,0.121
1957,10,0.12,0.091
1957,11,0.07,0.086
1957,12,0.163,0.078
1958,1,0.376,0.067
1958,2,0.24,0.08
1958,3,0.164,0.078
1958,4,0.088,0.077
1958,5,0.094,0.083
1958,6,-0.078,0.085
1958,7,0.008,0.107
1958,8,-0.052,0.079
1958,9,-0.081,0.078
1958,10,0.07,0.078
1958,11,0.068,0.074
1958,12,0.111,0.077
1959,1,0.127,0.069
1959,2,0.067,0.06
1959,3,0.172,0.087
1959,4,0.189,0.083
1959,5,0.082,0.077
1959,6,0.104,0.08
1959,7,0.027,0.083
1959,8,0.02,0.074
1959,9,-0.087,0.077
1959,10,0.018,0.075
1959,11,-0.102,0.072
1959,12,0.046,0.067
1960,1,0.05,0.062
1960,2,0.151,0.069
1960,3,-0.275,0.069
1960,4,-0.116,0.067
1960,5,-0.068,0.077
1960,6,0.033,0.084
1960,7,-0.024,0.076
1960,8,0.089,0.077
1960,9,0.065,0.074
1960,10,0.103,0.073
1960,11,-0.134,0.067
1960,12,0.251,0.067
1961,1,0.12,0.062
1961,2,0.213,0.056
1961,3,0.139,0.064
1961,4,0.224,0.088
1961,5,0.213,0.084
1961,6,0.153,0.089
1961,7,-0.002,0.085
1961,8,0.008,0.086
1961,9,0.046,0.073
1961,10,0.028,0.086
1961,11,0.053,0.057
1961,12,-0.067,0.063
1962,1,0.111,0.061
1962,2,0.181,0.057
1962,3,0.186,0.068
1962,4,0.121,0.083
1962,5,-0.05,0.081
1962,6,0.042,0.079
1962,7,-0.045,0.08
1962,8,-0.046,0.083
1962,9,-0.056,0.072
1962,10,0.007,0.089
1962,11,0.047,0.067
1962,12,0.047,0.069
1963,1,0.063,0.063
1963,2,0.168,0.056
1963,3,-0.154,0.068
1963,4,-0.027,0.072
1963,5,-0.033,0.079
1963,6,0.052,0.093
1963,7,0.114,0.088
1963,8,0.241,0.081
1963,9,0.174,0.081
1963,10,0.134,0.09
1963,11,0.18,0.072
1963,12,0.101,0.06
1964,1,-0.011,0.076
1964,2,-0.084,0.061
1964,3,-0.235,0.066
1964,4,-0.263,0.075
1964,5,-0.25,0.086
1964,6,-0.036,0.083
1964,7,-0.123,0.088
1964,8,-0.265,0.084
1964,9,-0.325,0.063
1964,10,-0.226,0.074
1964,11,-0.206,0.06
1964,12,-0.18,0.057
1965,1,0.021,0.064
1965,2,-0.126,0.061
1965,3,-0.125,0.064
1965,4,-0.127,0.073
1965,5,-0.062,0.079
1965,6,-0.128,0.114
1965,7,-0.183,0.08
1965,8,-0.053,0.077
1965,9,-0.192,0.074
1965,10,0.001,0.071
1965,11,-0.041,0.063
1965,12,0.015,0.059
1966,1,-0.072,0.059
1966,2,-0.001,0.061
1966,3,-0.022,0.086
1966,4,-0.002,0.085
1966,5,-0.055,0.078
1966,6,0.049,0.08
1966,7,0.112,0.076
1966,8,-0.029,0.073
1966,9,0.011,0.073
1966,10,-0.134,0.068
1966,11,-0.019,0.069
1966,12,0.03,0.07
1967,1,-0.029,0.055
1967,2,-0.192,0.061
1967,3,0.058,0.057
1967,4,0.055,0.07
1967,5,0.274,0.08
1967,6,0.044,0.076
1967,7,0.054,0.083
1967,8,0.043,0.079
1967,9,-0.021,0.067
1967,10,0.096,0.071
1967,11,-0.076,0.073
1967,12,0.039,0.063
1968,1,-0.122,0.05
1968,2,-0.112,0.059
1968,3,0.164,0.06
1968,4,0.017,0.068
1968,5,-0.067,0.082
1968,6,0.023,0.089
1968,7,-0.103,0.073
1968,8,-0.066,0.069
1968,9,-0.174,0.075
1968,10,0.123,0.075
1968,11,-0.073,0.059
1968,12,-0.012,0.056
1969,1,0.02,0.047
1969,2,-0.06,0.059
1969,3,0.036,0.077
1969,4,0.231,0.079
1969,5,0.279,0.07
1969,6,0.157,0.081
1969,7,-0.05,0.07
1969,8,0.034,0.072
1969,9,0.079,0.065
1969,10,0.109,0.066
1969,11,0.104,0.059
1969,12,0.347,0.066
1970,1,0.201,0.051
1970,2,0.193,0.067
1970,3,0.064,0.061
1970,4,0.132,0.066
1970,5,0.035,0.067
1970,6,0.014,0.073
1970,7,-0.033,0.074
1970,8,-0.131,0.079
1970,9,0.081,0.072
1970,10,0.035,0.06
1970,11,-0.022,0.062
1970,12,-0.062,0.054
1971,1,0.003,0.061
1971,2,-0.156,0.061
1971,3,-0.176,0.06
1971,4,-0.031,0.069
1971,5,-0.084,0.082
1971,6,-0.129,0.074
1971,7,-0.116,0.068
1971,8,-0.072,0.073
1971,9,-0.01,0.079
1971,10,-0.029,0.067
1971,11,-0.043,0.067
1971,12,-0.091,0.054
1972,1,-0.227,0.051
1972,2,-0.173,0.055
1972,3,0.031,0.057
1972,4,0.026,0.072
1972,5,0.033,0.08
1972,6,0.068,0.082
1972,7,-0.028,0.079
1972,8,0.151,0.075
1972,9,0.014,0.076
1972,10,0.033,0.071
1972,11,-0.018,0.066
1972,12,0.217,0.055
1973,1,0.258,0.05
1973,2,0.31,0.061
1973,3,0.172,0.064
1973,4,0.287,0.074
1973,5,0.257,0.071
1973,6,0.167,0.06
1973,7,0.026,0.073
1973,8,0.015,0.07
1973,9,-0.024,0.07
1973,10,0.051,0.064
1973,11,-0.022,0.058
1973,12,-0.044,0.051
1974,1,-0.169,0.053
1974,2,-0.317,0.054
1974,3,-0.137,0.059
1974,4,-0.072,0.069
1974,5,-0.063,0.066
1974,6,-0.031,0.071
1974,7,-0.096,0.066
1974,8,0.097,0.075
1974,9,-0.078,0.078
1974,10,-0.081,0.065
1974,11,-0.081,0.062
1974,12,-0.109,0.054
1975,1,0.036,0.053
1975,2,0.095,0.053
1975,3,0.106,0.062
1975,4,0.07,0.063
1975,5,0.147,0.073
1975,6,0.039,0.081
1975,7,-0.097,0.079
1975,8,-0.235,0.077
1975,9,-0.084,0.063
1975,10,-0.097,0.069
1975,11,-0.284,0.061
1975,12,-0.156,0.047
1976,1,-0.066,0.052
1976,2,-0.164,0.052
1976,3,-0.283,0.062
1976,4,-0.106,0.067
1976,5,-0.285,0.067
1976,6,-0.195,0.073
1976,7,-0.11,0.09
1976,8,-0.202,0.097
1976,9,-0.069,0.069
1976,10,-0.238,0.087
1976,11,-0.114,0.066
1976,12,0.094,0.053
1977,1,0.258,0.049
1977,2,0.176,0.054
1977,3,0.129,0.058
1977,4,0.224,0.062
1977,5,0.326,0.077
1977,6,0.275,0.071
1977,7,0.171,0.069
1977,8,0.199,0.064
1977,9,-0.006,0.064
1977,10,0.002,0.066
1977,11,0.104,0.057
1977,12,0.028,0.048
1978,1,0.069,0.051
1978,2,0.103,0.054
1978,3,0.106,0.052
1978,4,0.145,0.06
1978,5,0.098,0.073
1978,6,-0.055,0.062
1978,7,0.014,0.066
1978,8,-0.289,0.065
1978,9,0.029,0.069
1978,10,-0.051,0.063
1978,11,0.104,0.064
1978,12,0.055,0.058
1979,1,0.116,0.047
1979,2,-0.149,0.042
1979,3,0.121,0.043
1979,4,0.152,0.045
1979,5,0.048,0.05
1979,6,0.061,0.048
1979,7,-0.03,0.043
1979,8,0.088,0.045
1979,9,0.206,0.052
1979,10,0.181,0.05
1979,11,0.191,0.038
1979,12,0.442,0.036
1980,1,0.312,0.045
1980,2,0.375,0.04
1980,3,0.289,0.045
1980,4,0.359,0.059
1980,5,0.335,0.067
1980,6,0.166,0.062
1980,7,0.247,0.062
1980,8,0.193,0.061
1980,9,0.139,0.057
1980,10,0.089,0.052
1980,11,0.179,0.05
1980,12,0.132,0.039
1981,1,0.519,0.042
1981,2,0.341,0.04
1981,3,0.387,0.047
1981,4,0.261,0.053
1981,5,0.225,0.066
1981,6,0.317,0.074
1981,7,0.306,0.066
1981,8,0.324,0.066
1981,9,0.16,0.071
1981,10,0.071,0.056
1981,11,0.119,0.048
1981,12,0.399,0.058
1982,1,0.069,0.052
1982,2,0.084,0.041
1982,3,-0.089,0.042
1982,4,0.024,0.058
1982,5,0.096,0.067
1982,6,-0.005,0.067
1982,7,0.059,0.063
1982,8,-0.011,0.064
1982,9,0.063,0.065
1982,10,0.071,0.06
1982,11,0.011,0.061
1982,12,0.363,0.05
1983,1,0.444,0.048
1983,2,0.372,0.052
1983,3,0.301,0.047
1983,4,0.276,0.051
1983,5,0.328,0.059
1983,6,0.164,0.066
1983,7,0.099,0.063
1983,8,0.293,0.058
1983,9,0.33,0.069
1983,10,0.082,0.065
1983,11,0.184,0.056
1983,12,0.153,0.054
1984,1,0.237,0.04
1984,2,0.073,0.049
1984,3,0.213,0.05
1984,4,0.105,0.06
1984,5,0.319,0.055
1984,6,0.034,0.077
1984,7,-0.027,0.074
1984,8,0.096,0.058
1984,9,0.143,0.053
1984,10,0.04,0.053
1984,11,-0.097,0.053
1984,12,-0.092,0.044
1985,1,0.231,0.048
1985,2,-0.03,0.047
1985,3,0.113,0.044
1985,4,0.092,0.054
1985,5,0.11,0.05
1985,6,0.082,0.083
1985,7,-0.091,0.064
1985,8,0.129,0.05
1985,9,0.09,0.046
1985,10,0.039,0.044
1985,11,-0.052,0.045
1985,12,0.111,0.061
1986,1,0.168,0.041
1986,2,0.343,0.045
1986,3,0.182,0.049
1986,4,0.247,0.053
1986,5,0.197,0.041
1986,6,0.048,0.045
1986,7,0.04,0.049
1986,8,0.115,0.053
1986,9,0.007,0.047
1986,10,0.062,0.04
1986,11,-0.018,0.047
1986,12,0.098,0.05
1987,1,0.274,0.049
1987,2,0.31,0.044
1987,3,0.129,0.044
1987,4,0.219,0.044
1987,5,0.245,0.054
1987,6,0.304,0.048
1987,7,0.373,0.047
1987,8,0.23,0.047
1987,9,0.262,0.048
1987,10,0.226,0.045
1987,11,0.109,0.046
1987,12,0.422,0.043
1988,1,0.486,0.044
1988,2,0.347,0.04
1988,3,0.374,0.041
1988,4,0.402,0.048
1988,5,0.373,0.05
1988,6,0.374,0.05
1988,7,0.257,0.045
1988,8,0.356,0.052
1988,9,0.295,0.05
1988,10,0.231,0.056
1988,11,-0.044,0.047
1988,12,0.182,0.053
1989,1,0.001,0.05
1989,2,0.272,0.051
1989,3,0.22,0.047
1989,4,0.25,0.053
1989,5,0.053,0.056
1989,6,0.063,0.064
1989,7,0.225,0.058
1989,8,0.228,0.048
1989,9,0.25,0.048
1989,10,0.242,0.049
1989,11,0.039,0.052
1989,12,0.335,0.053
1990,1,0.356,0.057
1990,2,0.285,0.052
1990,3,0.648,0.062
1990,4,0.548,0.053
1990,5,0.457,0.049
1990,6,0.342,0.051
1990,7,0.382,0.066
1990,8,0.267,0.051
1990,9,0.207,0.084
1990,10,0.362,0.052
1990,11,0.318,0.051
1990,12,0.345,0.058
1991,1,0.341,0.053
1991,2,0.412,0.052
1991,3,0.288,0.052
1991,4,0.492,0.054
1991,5,0.357,0.056
1991,6,0.457,0.057
1991,7,0.414,0.053
1991,8,0.359,0.057
1991,9,0.374,0.055
1991,10,0.255,0.05
1991,11,0.216,0.051
1991,12,0.291,0.057
1992,1,0.435,0.051
1992,2,0.372,0.055
1992,3,0.394,0.055
1992,4,0.263,0.055
1992,5,0.277,0.058
1992,6,0.234,0.059
1992,7,0.079,0.059
1992,8,0.039,0.06
1992,9,-0.078,0.052
1992,10,-0.018,0.05
1992,11,-0.079,0.054
1992,12,0.168,0.071
1993,1,0.348,0.053
1993,2,0.322,0.055
1993,3,0.301,0.054
1993,4,0.28,0.052
1993,5,0.232,0.064
1993,6,0.215,0.063
1993,7,0.188,0.065
1993,8,0.106,0.061
1993,9,0.11,0.058
1993,10,0.191,0.063
1993,11,0.01,0.059
1993,12,0.135,0.057
1994,1,0.208,0.062
1994,2,-0.001,0.054
1994,3,0.262,0.057
1994,4,0.353,0.056
1994,5,0.277,0.056
1994,6,0.381,0.061
1994,7,0.222,0.06
1994,8,0.15,0.058
1994,9,0.257,0.054
1994,10,0.377,0.054
1994,11,0.323,0.057
1994,12,0.307,0.058
1995,1,0.439,0.061
1995,2,0.664,0.053
1995,3,0.387,0.057
1995,4,0.475,0.055
1995,5,0.27,0.059
1995,6,0.419,0.065
1995,7,0.443,0.055
1995,8,0.46,0.057
1995,9,0.322,0.055
1995,10,0.426,0.06
1995,11,0.359,0.054
1995,12,0.236,0.056
1996,1,0.251,0.055
1996,2,0.493,0.058
1996,3,0.352,0.055
1996,4,0.383,0.056
1996,5,0.238,0.056
1996,6,0.18,0.052
1996,7,0.286,0.055
1996,8,0.448,0.057
1996,9,0.211,0.054
1996,10,0.13,0.054
1996,11,0.332,0.061
1996,12,0.393,0.053
1997,1,0.297,0.052
1997,2,0.335,0.053
1997,3,0.482,0.057
1997,4,0.428,0.054
1997,5,0.372,0.053
1997,6,0.545,0.058
1997,7,0.319,0.056
1997,8,0.389,0.061
1997,9,0.493,0.054
1997,10,0.606,0.057
1997,11,0.601,0.049
1997,12,0.576,0.051
1998,1,0.565,0.057
1998,2,0.787,0.06
1998,3,0.604,0.062
1998,4,0.728,0.06
1998,5,0.707,0.058
1998,6,0.725,0.062
1998,7,0.651,0.055
1998,8,0.676,0.061
1998,9,0.427,0.058
1998,10,0.399,0.059
1998,11,0.381,0.06
1998,12,0.555,0.059
1999,1,0.431,0.059
1999,2,0.614,0.06
1999,3,0.307,0.062
1999,4,0.359,0.06
1999,5,0.282,0.06
1999,6,0.36,0.063
1999,7,0.331,0.064
1999,8,0.297,0.057
1999,9,0.398,0.055
1999,10,0.321,0.057
1999,11,0.305,0.053
1999,12,0.408,0.054
2000,1,0.28,0.055
2000,2,0.53,0.058
2000,3,0.51,0.056
2000,4,0.568,0.066
2000,5,0.36,0.06
2000,6,0.388,0.062
2000,7,0.327,0.059
2000,8,0.427,0.068
2000,9,0.398,0.058
2000,10,0.23,0.065
2000,11,0.266,0.059
2000,12,0.29,0.059
2001,1,0.459,0.059
2001,2,0.432,0.059
2001,3,0.538,0.057
2001,4,0.562,0.061
2001,5,0.534,0.057
2001,6,0.51,0.053
2001,7,0.526,0.055
2001,8,0.432,0.059
2001,9,0.511,0.059
2001,10,0.472,0.058
2001,11,0.648,0.06
2001,12,0.612,0.06
2002,1,0.73,0.068
2002,2,0.67,0.061
2002,3,0.871,0.059
2002,4,0.625,0.06
2002,5,0.629,0.061
2002,6,0.516,0.055
2002,7,0.526,0.054
2002,8,0.501,0.054
2002,9,0.599,0.058
2002,10,0.555,0.06
2002,11,0.495,0.058
2002,12,0.487,0.055
2003,1,0.752,0.063
2003,2,0.54,0.06
2003,3,0.527,0.062
2003,4,0.575,0.059
2003,5,0.602,0.061
2003,6,0.445,0.056
2003,7,0.494,0.058
2003,8,0.604,0.057
2003,9,0.632,0.06
2003,10,0.687,0.058
2003,11,0.469,0.055
2003,12,0.726,0.054
2004,1,0.588,0.073
2004,2,0.663,0.057
2004,3,0.565,0.056
2004,4,0.609,0.062
2004,5,0.35,0.056
2004,6,0.372,0.055
2004,7,0.198,0.056
2004,8,0.402,0.057
2004,9,0.478,0.056
2004,10,0.545,0.053
2004,11,0.611,0.049
2004,12,0.488,0.053
2005,1,0.744,0.061
2005,2,0.622,0.058
2005,3,0.728,0.057
2005,4,0.74,0.056
2005,5,0.651,0.057
2005,6,0.64,0.058
2005,7,0.546,0.053
2005,8,0.583,0.06
2005,9,0.677,0.06
2005,10,0.735,0.053
2005,11,0.644,0.054
2005,12,0.726,0.06
2006,1,0.613,0.071
2006,2,0.77,0.076
2006,3,0.642,0.057
2006,4,0.56,0.055
2006,5,0.508,0.057
2006,6,0.594,0.051
2006,7,0.42,0.054
2006,8,0.69,0.057
2006,9,0.567,0.055
2006,10,0.639,0.054
2006,11,0.645,0.054
2006,12,0.775,0.07
2007,1,0.948,0.062
2007,2,0.701,0.055
2007,3,0.662,0.053
2007,4,0.817,0.052
2007,5,0.649,0.054
2007,6,0.548,0.05
2007,7,0.554,0.054
2007,8,0.549,0.058
2007,9,0.525,0.055
2007,10,0.582,0.054
2007,11,0.517,0.055
2007,12,0.451,0.059
2008,1,0.24,0.067
2008,2,0.288,0.055
2008,3,0.623,0.053
2008,4,0.535,0.056
2008,5,0.503,0.051
2008,6,0.434,0.052
2008,7,0.501,0.053
2008,8,0.42,0.067
2008,9,0.588,0.056
2008,10,0.623,0.053
2008,11,0.577,0.051
2008,12,0.501,0.056
2009,1,0.659,0.056
2009,2,0.508,0.055
2009,3,0.438,0.053
2009,4,0.589,0.065
2009,5,0.581,0.06
2009,6,0.607,0.059
2009,7,0.671,0.061
2009,8,0.617,0.05
2009,9,0.652,0.047
2009,10,0.634,0.051
2009,11,0.695,0.052
2009,12,0.708,0.054
2010,1,0.783,0.059
2010,2,0.844,0.065
2010,3,0.87,0.063
2010,4,0.915,0.058
2010,5,0.74,0.054
2010,6,0.62,0.054
2010,7,0.54,0.052
2010,8,0.598,0.057
2010,9,0.573,0.05
2010,10,0.668,0.052
2010,11,0.684,0.05
2010,12,0.501,0.059
2011,1,0.539,0.056
2011,2,0.513,0.059
2011,3,0.626,0.056
2011,4,0.644,0.056
2011,5,0.523,0.051
2011,6,0.592,0.058
2011,7,0.669,0.052
2011,8,0.693,0.054
2011,9,0.513,0.053
2011,10,0.569,0.051
2011,11,0.474,0.051
2011,12,0.55,0.061
2012,1,0.421,0.06
2012,2,0.459,0.057
2012,3,0.443,0.056
2012,4,0.694,0.057
2012,5,0.738,0.052
2012,6,0.611,0.064
2012,7,0.442,0.053
2012,8,0.628,0.054
2012,9,0.675,0.048
2012,10,0.775,0.049
2012,11,0.715,0.048
2012,12,0.529,0.058
2013,1,0.667,0.064
2013,2,0.532,0.058
2013,3,0.604,0.065
2013,4,0.58,0.066
2013,5,0.596,0.057
2013,6,0.607,0.075
2013,7,0.484,0.06
2013,8,0.624,0.065
2013,9,0.692,0.051
2013,10,0.598,0.053
2013,11,0.73,0.049
2013,12,0.646,0.057
2014,1,0.717,0.061
2014,2,0.48,0.058
2014,3,0.707,0.067
2014,4,0.78,0.065
2014,5,0.82,0.06
2014,6,0.606,0.057
2014,7,0.488,0.053
2014,8,0.792,0.055
2014,9,0.797,0.051
2014,10,0.75,0.049
2014,11,0.53,0.054
2014,12,0.707,0.066
2015,1,0.773,0.062
2015,2,0.809,0.055
2015,3,0.83,0.059
2015,4,0.762,0.062
2015,5,0.759,0.055
2015,6,0.728,0.057
2015,7,0.621,0.059
2015,8,0.761,0.056
2015,9,0.783,0.049
2015,10,1.005,0.049
2015,11,0.929,0.051
2015,12,1.083,0.052
2016,1,1.173,0.056
2016,2,1.251,0.053
2016,3,1.233,0.058
2016,4,1.097,0.061
2016,5,0.952,0.054
2016,6,0.735,0.057
2016,7,0.746,0.05
2016,8,0.935,0.057
2016,9,0.809,0.052
2016,10,0.881,0.049
2016,11,0.872,0.059
2016,12,0.88,0.056
2017,1,1.01,0.054
2017,2,1.075,0.061
2017,3,1.124,0.058
2017,4,0.943,0.063
2017,5,0.878,0.061
2017,6,0.641,0.073
2017,7,0.692,0.066
2017,8,0.751,0.059
2017,9,0.651,0.058
2017,10,0.778,0.056
2017,11,0.751,0.053
2017,12,0.911,0.059
