"RCP_Region","RCP_Sector","X1850","X1860","X1870","X1880","X1890","X1900","X1910","X1920","X1930","X1940","X1950","X1960","X1970"
"Argentina","AGR",9.91711399693189,12.1209171073612,18.9538086512473,25.7855982935781,32.8256473298446,140.657733523151,512.736831672483,572.393781871805,490.500458288251,713.28291472155,1004.74689509138,2629.90844183082,3170.3911546636
"Argentina","Aviation",0,0,0,0,0,0,0,0,0,0,0,0,0
"Argentina","DOM",0.36882551186703,0.49176734915604,0.73765102373406,0.98353469831208,1.23679488312744,1.49866099655303,1.79863907953822,2.12197611160831,2.39367757201702,2.56333730747586,2.59776102191678,3.07354593222525,3.39073587243089
"Argentina","ENE",0,0,0,0,0,0,0.0504199783925105,3.63023844426076,21.731010687172,48.5040192135951,61.3106937252928,191.142138086007,463.712541275919
"Argentina","Fossil-fuel-fires",0,0,0,0,0,0,0,0,0,0,0,0,0
"Argentina","IND",0,0,0.0536324475551656,0.108483814372949,0.164554100453349,0.268162237775828,0.461970400531994,0.566797457117091,0.745978588721848,1.05924083921452,1.35665713929317,2.45977907196191,3.66772806121575
"Argentina","International-shipping",0,0,0,0,0,0,0,0,0,0,0,0,0
"Argentina","SLV",0,0,0,0,0,0,0,0,0,0,0,0,0
"Argentina","TRA",0,0,0,0,0,0,0,0,0.0224970483284976,0.0689909482073925,0.347954347480762,2.27070207795635,5.67825499811278
"Argentina","WST",13.1338965058578,16.490010409134,21.5313671344426,30.2468906352612,39.0348976983177,54.3351779134771,76.5513897394093,100.964603331106,126.733759423288,152.409186771197,184.139490999155,221.593497210731,258.753820023585
"Asia-Stan","AGR",168.995321434126,175.978599179338,253.304433652068,330.637251402544,410.309467197665,470.97320097032,469.360063811177,704.54289171442,767.811388086039,671.511987979568,776.40081971265,1027.86865131773,1242.46477642809
"Asia-Stan","Aviation",0,0,0,0,0,0,0,0,0,0,0,0,0
"Asia-Stan","DOM",0.845693624397314,0.845693624397314,1.07318520936019,1.30067679432307,1.53493392828112,1.77172814311237,2.09732018850534,2.29182972211672,4.04241552461916,8.9728093548555,13.552240330967,20.4404149016831,24.7619093223534
"Asia-Stan","ENE",1.57010466342377,1.57010466342377,10.5291218729198,19.4865689777524,28.7172142940207,77.3433557202548,115.167177062133,32.1557435069188,203.234347633573,646.223677371955,862.929523017703,1910.97438585307,3037.68149232597
"Asia-Stan","Fossil-fuel-fires",0,0,0,0,0,0,0,0,0,0,0,0,0
"Asia-Stan","IND",0,0,0.125688383925712,0.251376767851424,0.381475270511371,0.570007846399939,0.928329993556573,1.08378667893837,1.41344305432248,2.15654806104116,2.79711780718887,4.78387629696196,7.11131645895475
"Asia-Stan","International-shipping",0,0,0,0,0,0,0,0,0,0,0,0,0
"Asia-Stan","SLV",0,0,0,0,0,0,0,0,0,0,0,0,0
"Asia-Stan","TRA",0,0,0,0,0,0,0,0,0.0274587890699773,0.164752734419864,0.686469726749434,4.05967635326896,7.59763571420835
"Asia-Stan","WST",51.9999053973322,54.2801923434453,56.6307019842205,62.0319975819852,67.0724265544027,75.1275548212751,83.5006358445345,95.1741835169155,102.60315942305,119.905251135645,116.199053361808,161.521950875013,219.036288433732
"Australia","AGR",774.503663725765,1637.83928888244,1524.99493787724,1412.0117869323,1295.72519742164,1033.78195115224,1431.30497855557,1656.85488062625,1786.07762452028,1827.16240668207,2028.28351935925,2561.27528794472,3244.30979138459
"Australia","Aviation",0,0,0,0,0,0,0,0,0,0,0,0,0
"Australia","DOM",6.53182711383023,22.8613948984058,31.1600812465271,39.4587675946484,48.0089292866522,55.095961705158,64.6324292913501,70.6090511005048,71.3602112185953,79.3616994330373,93.7970373546021,109.146831072103,112.902631662556
"Australia","ENE",2.36402472485411,4.72804944970823,18.3330117412436,31.9391560451415,45.956640651164,84.5138839135345,128.945728617168,169.760615491774,127.019048466411,156.959421606689,221.603677707825,291.094184494911,632.364793774851
"Australia","Fossil-fuel-fires",0,6.57048847775289e-05,0.00063846564804023,0.00244131546895348,0.00850757746517334,0.0232717899313712,0.0553435283463039,0.107571226962594,0.16841461395229,0.228475550426826,0.315060336786369,0.437775823608239,0.588783880511531
"Australia","IND",0,0,0.268031331492553,0.53829625741421,0.815261966623181,1.09892845911947,1.58361845023516,1.80251070428742,2.02363655276877,2.65574377620538,3.29455178292929,5.13503359251149,7.55178276480267
"Australia","International-shipping",0,0,0,0,0,0,0,0,0,0,0,0.194647631058095,0.219132483627955
"Australia","SLV",0,0,0,0,0,0,0,0,0,0,0,0,0
"Australia","TRA",0,0,0,0,0,0,0.0327299853899367,0.0327299853899367,0.0327299853899367,0.0654599707798735,0.294569868509431,1.44011935715722,11.9815125088161
"Australia","WST",20.9682903684117,44.3726253627598,65.9952402177511,85.6666630788283,118.322167545483,141.540717886439,167.414629370994,203.474977461027,241.193793432558,270.792460650966,312.779792317497,388.924312210048,479.623473729287
"Baltic States","AGR",116.310970498835,133.22892984412,124.664212925569,116.099496007019,107.270435973698,123.131022859903,122.708073876271,184.1837086472,200.731587631807,175.555549381105,202.973217245057,268.710063026081,324.814245704882
"Baltic States","Aviation",0,0,0,0,0,0,0,0,0,0,0,0,0
"Baltic States","DOM",0.98046771046739,0.98046771046739,1.12557693161656,1.2716666204762,1.42167818017771,1.67659978489924,2.0295681606675,2.22566170276097,4.25522986342847,10.0694033865001,15.4325617627567,23.4723969885893,28.531610374601
"Baltic States","ENE",0,0,0.0674519401202941,0.134903880240588,0.204399818546346,0.549727933037804,0.818675062704048,0.228605060216308,1.4453218748264,4.59523065747745,6.13629771046503,13.5898984620353,21.6244250136847
"Baltic States","Fossil-fuel-fires",0,0,0,0,0,0,0,0,0,0,0,0,0
"Baltic States","IND",0,0,0,0,0,0,0,0,0,0,0,0,2.53318436568282
"Baltic States","International-shipping",0,0,0,0,0,0,0,0,0,0,0,0,0
"Baltic States","SLV",0,0,0,0,0,0,0,0,0,0,0,0,0
"Baltic States","TRA",0,0,0,0,0,0,0,0,0.0214399910274963,0.0619377518572116,0.266808777231065,1.51271047805113,2.8419899217559
"Baltic States","WST",20.0827346091955,22.9444677228197,25.0903561530474,27.4834989825402,30.1259532362503,33.0308838738726,36.2941482581835,38.1199636058351,40.1374936790399,44.1560976258313,43.9421670307933,47.7106367433864,51.7341775500632
"Brazil","AGR",8.68925596615373,9.47918832671316,61.1660425428378,112.84973702952,166.106976778437,270.299055136226,675.858228371043,731.019205108908,641.748949042087,1064.98680850622,1733.42757201161,3844.44281237063,5139.61591074388
"Brazil","Aviation",0,0,0,0,0,0,0,0,0,0,0,0,0
"Brazil","DOM",43.3478336403552,50.8865873169387,74.86924745057,98.8519075842012,123.560172759204,148.814997575758,176.61415175816,206.411075664856,229.800058946457,242.408624470543,240.109304599185,274.900652816618,301.041281190171
"Brazil","ENE",0,0,0,0,0,0,0.0340271850394941,19.9399304331436,25.0780353741072,86.837376220789,132.50185854379,200.011793662146,429.355020828337
"Brazil","Fossil-fuel-fires",0,0,0,0,0,0,0,0,0,0,0,0,0
"Brazil","IND",0,0,0.227869485680017,0.455738971360033,0.690439662178209,1.24767082416232,2.29479698319726,2.78469198024808,3.52734156741079,5.08680811180765,6.43841084271482,11.4808161211244,17.0872837666563
"Brazil","International-shipping",0,0,0,0,0,0,0,0,0,0,0,0,0
"Brazil","SLV",0,0,0,0,0,0,0,0,0,0,0,0,0
"Brazil","TRA",0,0,0,0,0,0,0.0128421160079477,0.0128421160079477,0.0250083311733719,0.0885430103705868,0.415679018151992,2.48325969543157,5.34502386267634
"Brazil","WST",80.4326975268585,92.6904504234412,105.077355888858,116.877204223212,145.214451939594,175.958633893331,221.719737259645,307.717736388975,409.278620062769,417.456325898468,536.664146931997,722.784739764019,953.263369419114
"Canada","AGR",301.074126439553,427.372171005298,446.329635068399,465.287099131499,484.831402593592,550.519143146019,610.10885690022,686.295919743314,756.078778710448,828.629988755436,904.587418790229,977.674438721254,988.735085654436
"Canada","Aviation",0,0,0,0,0,0,0,0,0,0,0,0,0
"Canada","DOM",10.2129155012314,45.9581197555411,59.8936429569713,73.8291661584015,88.1885253531328,108.461162623077,141.602073424573,157.534221606494,178.726021271549,188.326161842706,248.684492454984,201.751039269075,193.432619593322
"Canada","ENE",0,0,15.5011458753762,31.0022917507523,46.9731693193217,87.3913257449301,193.704611786288,262.625131968366,235.208193423851,281.494015237314,332.262192021417,461.000522172846,1192.45503786728
"Canada","Fossil-fuel-fires",0,0,0,0,0,0,0,0,0,0,0,0,0
"Canada","IND",0,0,0.62418571181013,1.24837142362026,1.89080817963536,2.24852864605286,2.76685830147414,3.05522479991274,3.4384602261288,4.0882339019143,4.67226731647349,5.70527641847504,7.51212979476753
"Canada","International-shipping",0,0,0,0,0,0,0,0,0,0,0,0.106485613718897,0.135644829247089
"Canada","SLV",0,0,0,0,0,0,0,0,0,0,0,0,0
"Canada","TRA",0,0,0.00469270537448572,0.00860329318655715,0.0132959985610429,0.0132959985610429,0.0265919971220857,0.0265919971220857,0.0406693311279805,0.107932223613171,0.524793063204362,3.01584532066949,11.4165700585613
"Canada","WST",65.9298671783712,92.9527657738767,106.437356081741,124.060985600549,139.632312815096,151.140356944024,198.143589247996,242.254314948647,287.115714982064,320.090290259927,376.170483761941,489.026449734862,591.379861969533
"Central America","AGR",1.99560151450441,1.99560151450441,21.9955198928676,41.9954382712308,62.6020195100034,96.6769153701662,232.447664409474,254.678665281053,225.143762866388,322.778566963516,444.789643560316,1072.83537419757,1283.47111405351
"Central America","Aviation",0,0,0,0,0,0,0,0,0,0,0,0,0
"Central America","DOM",18.5784215550459,20.8078321416515,30.0435370650959,39.2792419885403,48.7943663721727,58.5591847415048,69.141453659259,80.6080554430334,89.6371683187857,94.3337932879013,93.2934016808187,106.097649816556,117.408192859268
"Central America","ENE",0,0,0,0,0,0,0.650988953275422,9.11384534585591,39.6018279909215,96.9973540380379,87.9920068510612,180.866430851688,223.397709132349
"Central America","Fossil-fuel-fires",0,0,0,0,0,0,0,0,0,0,0,0,0
"Central America","IND",0,0,0.697321542901794,1.39464308580359,2.11470337466957,2.57705787594141,3.19858359896258,3.76326245707327,4.27867403226155,4.63870417669454,4.84714268136627,6.23799597617583,8.45502370768425
"Central America","International-shipping",0,0,0,0,0,0,0,0,0,0,0,0,0
"Central America","SLV",0,0,0,0,0,0,0,0,0,0,0,0,0
"Central America","TRA",0,0,0,0,0,0,0,0.0121851095858496,0.0121851095858496,0.0382960586983843,0.167110074320223,0.938253438110417,2.77472352569203
"Central America","WST",51.717540218396,56.9675865022053,63.3083029934938,70.4997103556744,78.641467781682,88.0827810835604,104.849443702924,127.563766956641,150.18241738514,176.045971135599,223.858465538035,282.697253046785,354.850508731635
"Central Europe","AGR",1019.16550537805,1119.66199679797,947.649143494774,775.625366659901,598.401988747216,355.331561891133,395.857864409382,1214.47825174632,2530.98228934722,1315.52091975004,2656.71213893887,3104.03076107425,3371.32958118788
"Central Europe","Aviation",0,0,0,0,0,0,0,0,0,0,0,0,0
"Central Europe","DOM",30.0095625398126,39.3228750521683,46.8832151871983,54.4435553222284,62.2336238325632,85.413423863315,120.669485785088,134.370403303265,164.80423896864,186.576693997525,350.325424214765,561.768662620279,370.286957366247
"Central Europe","ENE",40.972846820705,45.2114171814676,148.797367275882,252.383317370297,359.110519054299,502.741540012673,695.031348712603,552.003146649981,696.962252988061,1285.22872383568,1306.79833744934,1899.86852137248,2566.97240093028
"Central Europe","Fossil-fuel-fires",0,0,0,0,0,0,0,0,0,0,0,0,0
"Central Europe","IND",1.23834173247172,2.47668346494344,4.44926321578335,6.42366942935552,8.45652245035999,11.5140210641618,16.6390754908811,18.6335727945081,22.2116132870038,26.5932973816936,39.309130923682,62.0394596266474,63.0677581449093
"Central Europe","International-shipping",0,0,0,0,0,0,0,0,0,0,0,0.0251940050915822,0.0581055966039328
"Central Europe","SLV",0,0,0,0,0,0,0,0,0,0,0,0,0
"Central Europe","TRA",0,0,0.0269978796989231,0.0554167004346316,0.0838355211703401,0.116517165016405,0.16767104234068,0.200352686186745,0.26713691491566,0.768729100900915,3.30795073363647,16.403343328651,18.4921266527255
"Central Europe","WST",321.419636851183,351.947952703875,384.076005631817,429.604754639391,475.979741375178,511.927456377721,556.638948401201,557.496778427059,637.866178011913,661.920195628901,707.13015645119,800.100383578051,869.422323505561
"China+","AGR",401.385777446673,367.409076055922,1282.13098265032,2196.91047687419,3139.33203324647,3314.74395262991,3581.89296576838,4037.87181595816,4480.08722270321,5727.89597818592,7581.41142049562,12313.3869345262,11941.946724407
"China+","Aviation",0,0,0,0,0,0,0,0,0,0,0,0,0
"China+","DOM",1411.65523480712,1296.41807278205,1347.21340077994,1397.93291485545,1450.24452130104,1496.64264180061,1563.88959095603,1616.277011324,1645.61699928696,1688.90674896875,1759.33788286434,2622.70683098375,3322.31770675174
"China+","ENE",0,0,0.01350105239688,0.02700210479376,0.0410901594687653,0.064570250593774,125.653707655484,179.493556605129,252.72209080125,563.56914718246,545.025745216484,5340.07712456074,4624.93224912078
"China+","Fossil-fuel-fires",0,0,0,0,0,0.000986672892581835,1.06480979588284,3.02718833235589,6.37204738716571,12.1054517701292,19.1654758061263,51.2255899006174,87.7366658963449
"China+","IND",0.300118541962957,0.300118541962957,1.02040304267405,1.74068754338515,2.48298073717353,3.60542408411499,5.62322108124593,6.46755457930172,7.2778746426017,9.7368458964182,12.7390317111876,33.1460921695288,49.4045139828021
"China+","International-shipping",0,0,0,0,0,0,0,0,0,0,0,0,0
"China+","SLV",0,0,0,0,0,0,0,0,0,0,0,0,0
"China+","TRA",0,0,0.00258684668855904,0.00517369337711807,0.00786832534436707,0.0125569849673803,0.018862423770743,0.0219881968527518,0.0235510833937562,0.0612759309352422,0.237235398396602,3.35611022256928,4.83928954998247
"China+","WST",1916.54141997764,1754.47455239125,1666.71673805001,1713.57048638474,1769.96851678765,1863.73798931469,1971.88586080159,2200.14294428942,2279.9678488597,2432.42845852032,2590.83875050916,3057.08312712576,3840.89179801106
"Eastern Africa","AGR",127.973300184055,137.957032822527,189.672767889814,241.3885029571,294.665330764221,357.263334407443,450.493245009614,850.241899854046,1180.25872027904,1064.08437684954,3169.56282909756,2420.69212000633,3382.94242394345
"Eastern Africa","Aviation",0,0,0,0,0,0,0,0,0,0,0,0,0
"Eastern Africa","DOM",54.4100402243288,59.1643155837362,69.6923942407349,80.2204728977337,91.0655032453596,101.799600501266,117.689445258041,137.097453780777,158.01626536217,182.490218406763,209.473372335489,252.768973275159,308.050630648712
"Eastern Africa","ENE",0,0,0,0,0,0,0,0,0,34.9579314068682,34.9579314068682,104.873794220604,314.621382661813
"Eastern Africa","Fossil-fuel-fires",0,0,0,0,0,0,0,0,0,0,0,0,0
"Eastern Africa","IND",0,0,0.0057010803146508,0.0114021606293016,0.0172788517787271,0.0198377525140159,0.0236823754324768,0.02752072653541,0.0313590776383432,0.0371166042927431,0.0435201279464927,0.053755730887648,0.0595195293575755
"Eastern Africa","International-shipping",0,0,0,0,0,0,0,0,0,0,0,0,0
"Eastern Africa","SLV",0,0,0,0,0,0,0,0,0,0,0,0,0
"Eastern Africa","TRA",0,0,0,0,0,0,0,0,0,0.0366437425258729,0.107895464103959,0.429546092942177,0.677909236728649
"Eastern Africa","WST",101.101091221729,109.812834659104,118.833041115185,128.105626404752,137.396906422725,146.959260002591,156.708560866521,171.804554054676,188.536335978391,207.072159193321,227.598970983532,288.768122329223,378.147618840148
"France","AGR",404.684453349589,414.22889800406,529.955289439526,645.691225319647,764.929972387958,1440.73392059246,1119.65880241604,1206.99047100446,1408.3782532138,1636.77681379531,1558.79870096827,1803.9000396951,1985.3399325766
"France","Aviation",0,0,0,0,0,0,0,0,0,0,0,0,0
"France","DOM",47.1286691544016,60.1296813349262,63.347431849606,66.5651823642858,69.8804404703196,92.047166238114,124.549696689426,137.989493031043,168.623127981404,167.063006519741,148.731579345201,151.526796964014,173.108477183685
"France","ENE",326.944461368882,333.755804314067,574.209832964989,814.663861615912,1062.40602721818,1357.85483880853,1560.34244188299,1008.47381377821,2227.44536993441,1628.18341761703,2106.61214608683,2337.65289878751,1572.73908604323
"France","Fossil-fuel-fires",0,0,0,0,0,0,0,0,0,0,0,0,0
"France","IND",1.92113020658192,1.92113020658192,3.79341811977616,5.65756565073912,7.58683623955232,8.80789357424421,10.8674102787579,11.6326062084981,12.9594885121967,14.017738202263,14.5957053406838,19.0484944211936,26.2608730781071
"France","International-shipping",0,0,0,0,0,0,0,0,0,0,0,0.26535148022253,0.469502831459554
"France","SLV",0,0,0,0,0,0,0,0,0,0,0,0,0
"France","TRA",0,0,0.0220717968343519,0.043294678405844,0.0653664752401959,0.0874382720745477,0.153653662577603,0.175725459411955,0.196948340983447,0.372673800395403,1.20545967326076,5.71999104114857,24.7221102849998
"France","WST",235.018693513188,240.464339372593,244.458639980175,252.441038865203,258.500715408072,263.710672722309,269.044676639266,256.695837338497,270.396784608914,269.00746265845,273.0823935578,298.418912163347,331.843269266233
"Germany","AGR",291.363005606213,311.130997137018,406.902618714305,502.682835070519,601.359491924942,1176.02360050437,897.380867709284,983.500552552182,1176.28144387216,1355.74042785617,1292.91259390391,1526.26084175668,1713.11133561742
"Germany","Aviation",0,0,0,0,0,0,0,0,0,0,0,0,0
"Germany","DOM",29.693760058718,27.7903139011079,33.4998909954752,39.2109908467687,45.092639473784,69.6052190914872,105.43568956234,120.674679500167,155.11944116828,153.874587381203,132.586445554491,133.880788941666,110.689200957344
"Germany","ENE",185.442298015412,198.284562420911,504.536610151738,810.809205505613,1126.31795741992,1754.86974648269,2426.87975829366,2117.84350763972,2304.92961549904,2794.83631804003,1847.38541925991,2387.58242921283,1874.20006733859
"Germany","Fossil-fuel-fires",0,0,0,0,0,0,0,0,0,0,0,0,0
"Germany","IND",0.889448808088902,1.48015145162886,1.88753258510469,2.29830856135949,2.71926906595119,4.20960504591694,6.53846719228712,7.56370971153464,9.23057751600659,9.65493286337725,9.07441474817418,11.6986282163143,15.1477884797431
"Germany","International-shipping",0,0,0,0,0,0,0,0,0,0,0,0.297236013827723,0.505667601391624
"Germany","SLV",0,0,0,0,0,0,0,0,0,0,0,0,0
"Germany","TRA",0,0,0.0334465189929563,0.0668930379859126,0.100339556978869,0.156083755300463,0.248990752503119,0.315883790489032,0.349330309481988,0.646632700530489,2.06625161778708,9.60286723086657,28.8792110104737
"Germany","WST",703.570953424918,751.259606721128,816.978490578646,905.039181870827,989.814862211879,1129.65180565423,1305.13858385031,1265.97976012606,1354.13377559299,1451.86285138906,1430.71559339117,1525.43963076036,1635.65548113771
"Greenland","AGR",0,0,0,0,0,0,0,0,0,0,0,0,0.262155912269549
"Greenland","Aviation",0,0,0,0,0,0,0,0,0,0,0,0,0
"Greenland","DOM",0,0,0,0,0,0,0,0,0,0,0,0,0
"Greenland","ENE",0,0,0,0,0,0,0,0,0,0,0,0,0
"Greenland","Fossil-fuel-fires",0,0,0,0,0,0,0,0,0,0,0,0,0
"Greenland","IND",0,0,0,0,0,0,0,0,0,0,0,0,0
"Greenland","International-shipping",0,0,0,0,0,0,0,0,0,0,0,0,0
"Greenland","SLV",0,0,0,0,0,0,0,0,0,0,0,0,0
"Greenland","TRA",0,0,0,0,0,0,0,0,0,0,0,0,0
"Greenland","WST",0,0,0,0,0,0,0,0,0,0,0,0,0.595773372448353
"India","AGR",3701.38235020365,3836.39349092376,5923.87343590394,8011.35338088411,10162.7039808973,10550.6013736585,9871.39148111271,11624.9784896197,12028.9733645437,11550.7223622236,11582.9173265492,12464.6439301751,13609.1229845872
"India","Aviation",0,0,0,0,0,0,0,0,0,0,0,0,0
"India","DOM",328.130176999813,341.468802081107,401.572646697414,461.676491313721,523.599724391117,566.14460295041,607.81446770437,651.458448970361,698.250345755538,751.017946577134,801.384594884097,975.426974944811,1190.17883875363
"India","ENE",3.86151423592316,4.50509994191036,11.1610633132299,17.8170266845495,24.675075967549,69.8226132425506,138.235773788989,206.018220343561,270.595610082316,332.045173289973,367.448822976328,589.106175975378,841.230876295861
"India","Fossil-fuel-fires",0,0.00337493619488924,0.0217696379374186,0.0667130951861909,0.316560104357982,1.137602255351,3.00499269383448,6.39815874209764,10.5504441021397,15.2289447613035,20.8711772005635,28.4549818441748,38.9105721847671
"India","IND",0,0,0.358576913612662,0.717442769137984,1.08699947543177,1.31497464452153,1.67730780299879,1.87523301317178,2.11332114920468,2.61319065810871,3.02579970938903,4.5488125310267,7.50728877476565
"India","International-shipping",0,0,0,0,0,0,0,0,0,0,0,0,0
"India","SLV",0,0,0,0,0,0,0,0,0,0,0,0,0
"India","TRA",0,0,0,0,0,0.0112523273862585,0.0112523273862585,0.0112523273862585,0.0225046547725171,0.0562616369312927,0.190424001921299,0.906245136416362,5.77417507644083
"India","WST",959.423842167706,994.266813995201,1029.17348412585,1046.43572428171,1137.2695045852,1157.58926329264,1076.11913355339,1080.00473004604,1186.38089632011,1349.57594901123,1517.67577104553,1819.41463310558,2240.77890849658
"Indonesia+","AGR",27.7898505962651,34.7373132453314,152.144087812514,269.550862379696,390.511531301978,470.770757504807,637.88395522504,990.815057797607,1078.13931909433,1251.93276936174,1159.6918421903,1999.21254029939,2275.7749957526
"Indonesia+","Aviation",0,0,0,0,0,0,0,0,0,0,0,0,0
"Indonesia+","DOM",34.0800819671754,42.7201027475861,58.555340833461,74.3905789193359,90.705818159678,106.502656153196,125.86110271286,148.771557815582,172.651615250329,199.378079531066,222.912536134595,269.967049307021,336.048808242529
"Indonesia+","ENE",0,0,0.028206993594303,0.0564139871886061,0.0867907495209324,4.14425828962452,15.2100788535434,26.4060855417437,82.0606536720416,145.092435511619,97.3792209624862,312.229721401554,485.116894447252
"Indonesia+","Fossil-fuel-fires",0,0,0,0,0,0,0,0,0,0,0,0,0
"Indonesia+","IND",0,0,0.0558046530298427,0.111609306059685,0.169059305124806,0.198812645929415,0.235558707383955,0.278200592131575,0.32372183244093,0.376098681230611,0.416820995603739,0.507452139713631,0.630990204529081
"Indonesia+","International-shipping",0,0,0,0,0,0,0,0,0,0,0,0,0
"Indonesia+","SLV",0,0,0,0,0,0,0,0,0,0,0,0,0
"Indonesia+","TRA",0,0,0,0,0,0,0,0,0.0333916069044786,0.0667832138089572,0.167700070231381,1.24068370542863,2.31292530491688
"Indonesia+","WST",83.6534596439439,105.271164553005,126.841016213788,148.428812842676,170.016609471564,191.61636941252,229.839151473643,268.343071368392,306.876899543314,345.44063599841,396.410327069275,477.760849139896,600.019916831177
"Italy","AGR",146.422244282265,155.98751652181,218.801923528729,281.616330535648,346.336434088754,581.715710198786,460.516353022029,477.645548232538,555.035958552179,655.331516934669,618.328629171075,709.088346920911,798.773811019229
"Italy","Aviation",0,0,0,0,0,0,0,0,0,0,0,0,0
"Italy","DOM",2.50163024263063,8.33876747543544,8.97418155706363,9.61042951543935,10.265022762261,12.3246983286936,15.3933647596538,16.7275675557235,19.3709568454365,19.3709568454365,18.1368192590721,20.6134331992764,31.5372185920968
"Italy","ENE",0,0,0.227045411518942,0.46039764002452,0.693749868530099,0.94602254799559,1.82897692612481,34.3090844073067,48.9408998163052,477.362977718575,216.323822641658,211.909050751012,145.813608731054
"Italy","Fossil-fuel-fires",0,0,0,0,0,0,0,0,0,0,0,0,0
"Italy","IND",0,0,1.25386839633189,2.50436617869514,3.795311328682,4.3885393871616,5.49073015490495,5.89857444510968,6.57943846677377,7.84004809104292,8.95235070069217,13.3813374554774,19.7855039958822
"Italy","International-shipping",0,0,0,0,0,0,0,0,0,0,0,0.416607148283872,0.826868000815597
"Italy","SLV",0,0,0,0,0,0,0,0,0,0,0,0,0
"Italy","TRA",0,0,0.0185611225572905,0.0371222451145811,0.0573707424498071,0.0573707424498071,0.0573707424498071,0.114741484899614,0.114741484899614,0.172112227349421,0.631078166947878,3.55529865711011,22.367840056313
"Italy","WST",299.876510020957,319.686627051008,326.402571414159,346.834393008113,371.387885599796,395.219893882752,422.736077359207,469.509751586689,501.569751135129,537.498134636744,577.095342601886,615.096074649845,659.743672776078
"Japan","AGR",62.124073023009,64.2811588918635,241.899923505079,419.518688118295,602.517224888433,621.672147403861,649.886830568478,685.867022860971,719.301853828215,721.804073436086,705.237653963284,805.757855451903,803.1262106919
"Japan","Aviation",0,0,0,0,0,0,0,0,0,0,0,0,0
"Japan","DOM",0.5939474462501,0.5939474462501,0.724021936978872,0.853898445225561,0.987932585596,1.4116150972544,2.06693711295035,2.28273801842122,2.68662228187129,4.01310491182984,3.03507145033801,5.45045773175509,10.9939672300894
"Japan","ENE",0,0,12.6246969600326,25.248916019586,38.255933363009,110.447579756715,231.19391484101,430.559657764764,461.747443039842,830.73440305957,566.933338520145,754.126956237705,593.83913550125
"Japan","Fossil-fuel-fires",0,0,0,0,0,0,0,0,0,0,0,0,0
"Japan","IND",0,0,0.261102156324661,0.519566917130892,0.788581260010846,1.76705499734872,3.72663986754289,4.51522112755374,5.84974325987979,8.9381334119624,11.5992654900592,21.3497167216983,34.3019661127126
"Japan","International-shipping",0,0,0,0,0,0,0,0,0,0,0,0.223040431656416,1.9870463165943
"Japan","SLV",0,0,0,0,0,0,0,0,0,0,0,0,0
"Japan","TRA",0,0,0,0,0,0,0,0,0,0,0,0,7.51167972596719
"Japan","WST",96.9183354028204,100.471854663919,104.025373925017,111.472154598791,121.379770316427,135.603029581132,152.544226058461,169.48542253579,195.195639411952,221.429242845951,253.264000670828,284.979389631638,315.978565408039
"Mexico","AGR",4.12565181793862,4.12565181793862,22.0320121207467,39.9394038365093,58.3882873533763,101.016584762227,292.519028021393,303.524204245744,258.626798337027,365.140814146657,509.713967976772,1285.86253035602,1544.64404063622
"Mexico","Aviation",0,0,0,0,0,0,0,0,0,0,0,0,0
"Mexico","DOM",8.8111651262559,9.23074441798237,13.5121315107593,17.7930990242445,22.2041361181649,26.6558724033827,31.5481669449134,36.8306702277496,40.9509388725036,43.1579259469848,42.8558288569418,49.2879793991086,53.9872674664451
"Mexico","ENE",0,0,0,0,0,69.3129526803694,184.399489444211,408.326473086776,246.534100017803,202.438569933318,252.407289014257,412.148707195579,668.797743818386
"Mexico","Fossil-fuel-fires",0,0,0,0,0,0,0,0,0,0,0,0,0
"Mexico","IND",0,0,0.220306027946879,0.442256130729182,0.669138458017759,0.914105608496004,1.28895467097278,1.55036256980527,1.85944863886507,2.33294219146732,2.75711349900683,4.55079914445493,6.18336545603143
"Mexico","International-shipping",0,0,0,0,0,0,0,0,0,0,0,0,0
"Mexico","SLV",0,0,0,0,0,0,0,0,0,0,0,0,0
"Mexico","TRA",0,0,0,0,0,0,0,0.0246811196550935,0.0246811196550935,0.126931472511909,0.58529512324936,3.81323298671195,8.16239885736307
"Mexico","WST",72.689705734377,75.4121465120478,78.0916296443115,80.8355492446858,95.2102513390145,109.378219764822,121.661421498396,115.064738075578,132.607566518675,156.969921170139,220.41567858349,299.387939958646,410.030725410137
"Middle East","AGR",140.207471488862,146.090302460423,181.240217515497,216.390132570572,252.598957200528,257.44248803378,272.600582503834,289.905910278508,424.858052766109,521.130581615699,648.336996657412,888.954588112528,947.733874236705
"Middle East","Aviation",0,0,0,0,0,0,0,0,0,0,0,0,0
"Middle East","DOM",5.08109157722555,5.32894970294387,5.27658967388588,5.22422964482788,5.17032050248415,5.11765065076901,5.46279309083177,5.87857509672425,6.37800922004666,7.08874239554395,7.82364173829876,9.00654464328944,10.4137591520552
"Middle East","ENE",0,0,0,0,0,0,0,10.4462147216317,36.1894322637384,70.3151520468285,597.412850068062,1793.91930572966,5470.32735076567
"Middle East","Fossil-fuel-fires",0,0,0,0,0,0,0,0,0,0,0,0,0
"Middle East","IND",0,0,0.107631601913395,0.215263203826791,0.325708703829425,0.34329556688717,0.394649207015783,0.446002847144397,0.49735648727301,0.909592557346537,1.14947736945417,2.23071771024429,3.34572482810528
"Middle East","International-shipping",0,0,0,0,0,0,0,0,0,0,0,0,0
"Middle East","SLV",0,0,0,0,0,0,0,0,0,0,0,0,0
"Middle East","TRA",0,0,0,0,0,0,0,0,0,0.0723291829323695,0.27521867064944,2.60568946309748,5.29780617020737
"Middle East","WST",102.047525162562,106.025423029309,110.751491630769,122.951859948331,135.092967217599,144.58955020674,154.130578982102,165.28647132348,176.590516285593,202.198696779711,223.384521544878,293.223666959558,397.456443277968
"New Zealand","AGR",440.707229958289,513.337751096666,478.216585536024,443.083109717562,406.890951726574,324.190639691384,448.905861666452,526.866724440917,563.526672229067,580.761033177157,649.046033305051,818.324388588751,1043.19586818786
"New Zealand","Aviation",0,0,0,0,0,0,0,0,0,0,0,0,0
"New Zealand","DOM",0,0.731023135857703,0.894772318289829,1.05925252385781,1.22811886824094,1.69597367518987,2.47085819919904,2.81443907305216,2.52934005006765,2.97526416294085,3.90366354548013,4.5835150618278,3.31884503679397
"New Zealand","ENE",0,0,2.68612588908157,5.37225177816315,8.13932940636773,13.9972916192689,28.0681757286497,12.7167822913232,16.1903478246013,18.7660849785151,23.5790338318284,29.4811515387967,26.1694894837646
"New Zealand","Fossil-fuel-fires",0,0,0,0,0,0,0,0,0,0,0,0,0
"New Zealand","IND",0,0,0.0240424721967313,0.0481681363387799,0.0729593360433679,0.102159708849779,0.153239563274668,0.175119044893146,0.153239563274668,0.167881345650532,0.218961200075421,0.248078380936514,0.277278753742925
"New Zealand","International-shipping",0,0,0,0,0,0,0,0,0,0,0,0.0199632899749584,0.039735668829174
"New Zealand","SLV",0,0,0,0,0,0,0,0,0,0,0,0,0
"New Zealand","TRA",0,0,0,0,0,0,0,0,0,0.0449223857204858,0.166854575533233,0.795767975620034,4.11360703526162
"New Zealand","WST",11.5368737288436,13.463270487295,15.7076609690314,18.3284208333999,24.4394306460949,30.55044045879,36.661450271485,44.9845903331195,53.3092665963157,61.6324066579501,69.9570829211463,86.9705152176766,103.383292703557
"North Korea","AGR",2.75172201314703,2.75172201314703,37.2326333192214,71.7144618659668,107.239193055695,108.193123353586,109.990915068842,112.435361457188,119.323838896766,120.351148448341,127.157074227524,140.195650366486,136.930273577551
"North Korea","Aviation",0,0,0,0,0,0,0,0,0,0,0,0,0
"North Korea","DOM",29.7762243573587,30.5397172895987,31.466597709338,32.3942416220096,33.3493712802418,34.0594197072249,35.0595954484593,36.1208506242728,36.8003593339664,37.327169457212,37.747090569944,44.6643365360381,57.5673670908935
"North Korea","ENE",0,0,0,0,0,0,0,0,0,0,5.58258922730136,86.7162193307479,259.829652893541
"North Korea","Fossil-fuel-fires",0,0,0,0,0,0,0,0,0,0,0,0,0
"North Korea","IND",0,0,0.0696764051059981,0.137804445654085,0.209029215317994,0.360768941993279,0.650313114322649,0.777279008071356,0.975469671483973,1.42914048695192,1.83481200112462,3.53027119203723,5.37747010962514
"North Korea","International-shipping",0,0,0,0,0,0,0,0,0,0,0,0,0
"North Korea","SLV",0,0,0,0,0,0,0,0,0,0,0,0,0
"North Korea","TRA",0,0,0,0,0,0,0,0,0,0,0.0336385999460531,0.400059063644131,0.600689284750948
"North Korea","WST",27.4231221226389,27.4141040555732,27.4419780810491,27.5256001574769,27.7674483196945,28.0429092773389,28.3429649633445,34.0866538599427,40.7108340318686,48.6926432093278,58.2690106088658,65.3621302682103,85.0895618866575
"Northern Africa","AGR",151.137544128601,154.963811068565,155.365569097261,155.757761458608,156.169085154654,170.154090820224,202.237339111827,227.280256233895,300.648924807716,327.461490389518,1287.06054193058,622.973651830332,863.387569335655
"Northern Africa","Aviation",0,0,0,0,0,0,0,0,0,0,0,0,0
"Northern Africa","DOM",12.3228354671502,12.7477608280864,14.9943412113562,17.240496669265,19.5550651102846,21.8751575809963,25.3000559901422,29.4813215417545,34.0152751429439,39.3693346907402,45.4500166057374,55.1170685670363,67.3209249331243
"Northern Africa","ENE",0,0,0,0,0,0,0,7.63595950346304,17.2747936307852,115.04011120791,350.503059175353,783.624696584895,8370.38859209939
"Northern Africa","Fossil-fuel-fires",0,0,0,0,0,0,0,0,0,0,0,0,0
"Northern Africa","IND",0,0,0.0365755675660837,0.0738683031236592,0.111878206672727,0.161362798085663,0.248140125056175,0.297624716469112,0.35930116373741,0.508472105967712,0.669117736061884,1.06571163535687,1.63586018859288
"Northern Africa","International-shipping",0,0,0,0,0,0,0,0,0,0,0,0,0
"Northern Africa","SLV",0,0,0,0,0,0,0,0,0,0,0,0,0
"Northern Africa","TRA",0,0,0,0,0,0,0,0,0,0,0.0703738329041836,0.380018697682591,1.79922432791696
"Northern Africa","WST",88.0058794038863,90.3393720954153,100.849693940052,112.100952311595,133.460048488468,151.928577473952,168.284065253074,184.529784657839,201.232872289089,223.095073515096,254.552860132768,322.526925953043,412.436371915562
"Oceania","AGR",17.6533710013278,18.9143260728512,19.1929971436579,19.4716682144645,19.7591659707719,18.2460198849438,23.9203177067991,29.9602924993963,29.355034065065,34.361025699013,37.4629751749606,40.6027533030539,50.6651747738107
"Oceania","Aviation",0,0,0,0,0,0,0,0,0,0,0,0,0
"Oceania","DOM",0.401031536706033,0.401031536706033,0.541392574553144,0.681553096631903,0.826124965614428,0.910341588322695,1.00458399944861,1.08880062215688,1.1369244065616,1.23918744842164,1.39358459005346,1.53996110095117,1.50988373569821
"Oceania","ENE",0,0,0,0,0,0,0,0,0,0,0,0,0.527112636002246
"Oceania","Fossil-fuel-fires",0,0,0,0,0,0,0,0,0,0,0,0,0
"Oceania","IND",0,0,0,0,0,0,0,0,0,0,0,0,0.00349689955932773
"Oceania","International-shipping",0,0,0,0,0,0,0,0,0,0,0,0,0
"Oceania","SLV",0,0,0,0,0,0,0,0,0,0,0,0,0
"Oceania","TRA",0,0,0,0,0,0,0,0,0,0,0,0,0.255046097347919
"Oceania","WST",3.02974606785251,3.19842805079688,3.32902055372156,3.46614268179247,3.63482466473685,3.80894800196975,3.87533252428979,4.13760580099685,4.44232164115443,5.17363965753262,5.99419588424268,7.99770253327877,10.7042321563927
"Russia+","AGR",1685.86960302361,1926.34458790773,1887.79224906123,1849.36714565646,1809.66968783432,2077.24582180856,2070.12063707125,3107.21672267468,3386.37128184704,2961.65937732683,3424.16020804312,4533.27155367004,5479.77600475628
"Russia+","Aviation",0,0,0,0,0,0,0,0,0,0,0,0,0
"Russia+","DOM",24.6306857896272,31.3481455504346,36.0481282297462,40.7481109090578,45.5891602433463,54.4114240625401,66.9282907501779,73.6211198251957,147.802027963792,362.317387965416,559.228525087217,854.214574716807,1040.37777622132
"Russia+","ENE",8.72027664442549,8.72027664442549,74.8025330558819,140.881882708457,208.96689598925,562.661316687147,837.815112407586,233.903980433425,1478.46476988471,4701.39181489793,6278.01783221006,13903.609081872,22117.2376532564
"Russia+","Fossil-fuel-fires",0,0,0,0,0,0,0,0,0,0,0,0,0
"Russia+","IND",0,0,0.405520649388915,0.811913386195871,1.22964325943736,1.81306974210657,2.9136440636739,3.40114093035864,4.61168547534091,7.43201618528446,9.79877422910505,16.5033822990018,24.4960634853446
"Russia+","International-shipping",0,0,0,0,0,0,0,0,0,0,0,0,0
"Russia+","SLV",0,0,0,0,0,0,0,0,0,0,0,0,0
"Russia+","TRA",0,0,0.00509393034473352,0.010187860689467,0.0152817910342006,0.0152815363376833,0.0305635820684011,0.0458453731026017,0.140085631445344,0.812481889984996,3.20662915200975,18.7176470517233,35.0436938065943
"Russia+","WST",461.077167559453,526.542954558377,570.576306828204,653.427888082268,747.460004870766,837.433181366234,1032.7543081944,959.939379301282,1067.25530068515,1318.04861151804,1210.97868651557,1424.56504466237,1567.98093501605
"South Africa","AGR",17.1804983601066,48.6780786869686,51.3086038803272,53.9381746015546,56.6479209817959,66.7939597355699,79.8225043253174,156.619331994994,240.498342877559,180.194793633584,1331.20228126892,409.82169893772,570.211195850626
"South Africa","Aviation",0,0,0,0,0,0,0,0,0,0,0,0,0
"South Africa","DOM",2.8491557755955,8.5474673267865,10.1648380887329,11.7817339913833,13.4480152608108,15.5421447558734,18.6904618879065,21.6630810804444,24.7544150969656,29.4270305689422,35.0873533764586,43.1742071861905,50.7909502929491
"South Africa","ENE",0,0,0.27937624219925,0.558382939104586,0.846258723063867,6.65181529045834,48.5065152791979,73.3030045008509,82.0575325136819,117.193899059059,177.703245484595,256.179884100246,366.962172309891
"South Africa","Fossil-fuel-fires",0,0,0,0,0,0,0,0,0,0,0,0,0
"South Africa","IND",0,0,0.232172182154526,0.464344364309052,0.70461557607362,1.15276188116259,1.98696193099687,2.32712117461862,2.75636974395083,3.90913162511342,5.12668574315634,8.11522766926169,12.920651904553
"South Africa","International-shipping",0,0,0,0,0,0,0,0,0,0,0,0,0
"South Africa","SLV",0,0,0,0,0,0,0,0,0,0,0,0,0
"South Africa","TRA",0,0,0,0,0,0,0.00940937499689544,0.00940937499689544,0.00940937499689544,0.0376374999875818,0.180659999940392,0.777214374743563,3.28575374891589
"South Africa","WST",3.84666071268218,9.65445537201756,15.3133620448929,29.5182065030951,36.1111526535283,50.0566063228197,66.8739696684378,82.6642385449605,102.789706839737,124.635529290564,149.63242639233,192.519145617184,230.718219643335
"South America","AGR",14.3684192142759,15.4736822307586,48.0048885948956,80.5349896960162,114.052090670856,219.251024579685,564.977296135492,615.333079166446,543.082035778968,804.322002354833,1143.06301164647,2813.33648215521,3379.34167289603
"South America","Aviation",0,0,0,0,0,0,0,0,0,0,0,0,0
"South America","DOM",22.8818075679266,26.5832764392088,37.6809531096532,48.7819947517988,60.2161685923597,72.4209209524876,85.8236032382305,99.9463894680228,110.660459364534,116.030954199595,114.136475131838,129.282212758785,141.645118788868
"South America","ENE",0,0,0.0523835238157939,0.0972836870864744,0.149667210902268,80.3712922545181,269.924814862241,273.067826291188,453.94065066658,623.738101435203,780.290004038975,847.041580101387,1170.39758925574
"South America","Fossil-fuel-fires",0,0,0,0,0,0,0,0,0,0,0,0,0
"South America","IND",0,0,0.346015500580538,0.691277154754582,1.04709265861954,1.35013891402994,1.7753082872923,2.09493916364556,2.3482315562274,2.59398548474429,2.66786243258066,3.51895502551187,4.15670908540541
"South America","International-shipping",0,0,0,0,0,0,0,0,0,0,0,0,0
"South America","SLV",0,0,0,0,0,0,0,0,0,0,0,0,0
"South America","TRA",0,0,0.00497143038482514,0.00994286076965029,0.0165714346160838,0.0165714346160838,0.0331428692321676,0.0480571603866431,0.0646285950027269,0.210457219624264,0.730800266569296,3.33085835783285,5.73537352062661
"South America","WST",61.1598648904403,70.6980981908699,76.2784445539866,86.1000369654017,107.429665529419,121.021762240238,140.006822676263,167.264141029767,192.112906939894,225.910336387271,265.114440484581,342.722844736903,445.495366168029
"South Asia","AGR",887.80711042053,919.326889488714,2273.53121563635,3627.73554178398,5023.10660968431,5057.49182321324,5095.22004361303,5130.08282955209,5353.58671749012,5327.79780734343,5504.97717149943,5871.27521006455,4180.66887822556
"South Asia","Aviation",0,0,0,0,0,0,0,0,0,0,0,0,0
"South Asia","DOM",74.1437033099701,76.9953842065074,88.6872758823104,100.379167558113,112.424667665087,120.563364943804,129.152627804175,138.280858353991,148.327330152492,159.45458901078,170.213981033416,205.660374577374,250.408951205838
"South Asia","ENE",0,0,0,0,0,0,0,0,0,0,4.63071446976649,19.8751904233341,254.75076549826
"South Asia","Fossil-fuel-fires",0,0,0,0,0,0,0,0,0,0,0,0,0
"South Asia","IND",0,0,0.131691629906164,0.263006998012597,0.39846124591608,0.437968734887929,0.484625198054684,0.524132687026534,0.570789150193289,0.635506179747175,0.693074235106156,0.890611679965402,1.23526748851982
"South Asia","International-shipping",0,0,0,0,0,0,0,0,0,0,0,0,0
"South Asia","SLV",0,0,0,0,0,0,0,0,0,0,0,0,0
"South Asia","TRA",0,0,0,0,0,0,0,0,0,0,0.0367649504351368,0.248870433714772,1.56392443004851
"South Asia","WST",239.055037821333,247.768258826036,257.598559446726,266.434298860925,282.830144837516,299.31247439728,316.169566150796,342.921821212381,380.153003768456,423.740729687763,491.680791235599,610.365095210327,779.865711264591
"South Korea","AGR",5.09945625064579,5.09945625064579,66.1399475708759,127.185538347357,190.077132286571,215.610109733555,266.232411933715,375.625947422569,395.034477912527,401.199720519557,257.843806401403,287.58893471142,310.296813395546
"South Korea","Aviation",0,0,0,0,0,0,0,0,0,0,0,0,0
"South Korea","DOM",15.1537195568469,15.1537195568469,20.5560205788628,25.9545331709895,31.5197366782416,41.8621502757896,56.9401012348523,65.880795773392,86.3762014740274,142.444963834361,74.4426473230105,160.402121509225,289.625465030237
"South Korea","ENE",0,0,0.00147554840224139,0.00344294627189658,0.00491849467413796,0.00491849467413796,1.19519420581553,4.33319380791555,11.0075910807208,92.3545744962886,10.6337854854863,86.0687383027403,199.735150222069
"South Korea","Fossil-fuel-fires",0,0,0,0,0,0,0,0,0,0,0,0,0
"South Korea","IND",0,0,0.0164752257433913,0.0330108002990295,0.0499688165403957,0.0978254246521515,0.189072828769396,0.226730487611433,0.297036853879019,0.470177596215245,0.492627354371075,0.947536701087866,1.54517098876847
"South Korea","International-shipping",0,0,0,0,0,0,0,0,0,0,0,0,0
"South Korea","SLV",0,0,0,0,0,0,0,0,0,0,0,0,0
"South Korea","TRA",0,0,0,0,0,0.00673831457683691,0.00673831457683691,0.00673831457683691,0.0134766291536738,0.0403116714158138,0.0335733568389769,0.342590099011813,0.819473625379534
"South Korea","WST",51.3893013860348,51.9737545388021,52.5582076915694,52.836887340571,53.1155669895726,53.3942466385742,54.4818713798167,63.7286169557176,75.0693304498113,84.4670275022548,101.930952173023,134.880950116784,172.243375836404
"Southeastern Asia","AGR",151.026221286453,168.219975709834,1053.0942236288,1937.96847154777,2849.6556824459,3271.22795306458,3515.84396194209,3785.83237599572,3980.21474019302,4420.23544461192,3235.21400798858,3789.50347491314,4046.06217267391
"Southeastern Asia","Aviation",0,0,0,0,0,0,0,0,0,0,0,0,0
"Southeastern Asia","DOM",75.3383151944714,83.9211612292846,92.8600364329493,101.798911636614,111.007987548782,119.266592733391,129.232230629369,140.666488846859,152.113462391808,164.116731513087,174.670453304043,204.716772089618,259.023935666933
"Southeastern Asia","ENE",0,0,0.0978281802791333,0.189901761718318,0.287729941997451,5.12159296755463,17.6666184386435,38.268082285661,108.128912202642,172.004959326076,268.912403790818,182.190599272786,237.434748136296
"Southeastern Asia","Fossil-fuel-fires",0,0,0,0,0,0,0,0,0,0,0,0,0
"Southeastern Asia","IND",0,0,0.273142258086317,0.546284516172634,0.827676037087062,0.893670139711944,0.97860699401619,1.06721018735515,1.15978524798172,1.26549802348269,1.35898966886794,1.65504654592123,2.13747565723923
"Southeastern Asia","International-shipping",0,0,0,0,0,0,0,0,0,0,0,0,0
"Southeastern Asia","SLV",0,0,0,0,0,0,0,0,0,0,0,0,0
"Southeastern Asia","TRA",0,0,0,0,0,0,0,0,0.0187400737478435,0.0187400737478435,0.224434692742031,2.05917715110233,5.63496169908372
"Southeastern Asia","WST",131.522366291905,146.380797667058,161.323391114882,184.131312808667,207.176418525434,230.87186753102,259.815969432258,292.639177773868,329.624583163925,374.613036555222,407.000132338447,519.754356424765,673.610276364493
"Southern Africa","AGR",37.8639924194624,39.8568341257499,43.8714137430661,47.8869897812354,52.0231327426351,67.826367473495,86.2501890481229,225.928464241814,341.17450011642,308.711108720996,860.170265684873,767.224128503624,1071.84991172673
"Southern Africa","Aviation",0,0,0,0,0,0,0,0,0,0,0,0,0
"Southern Africa","DOM",28.263669488156,30.2825030230243,35.589612619486,40.8975297493617,46.364530961785,51.8719088449057,60.0643353294012,69.968732651465,80.6039477131511,93.1853183024502,107.074893022344,129.249760569337,157.2590570321
"Southern Africa","ENE",0,0,0,0,0,0,12.4743104725719,40.0242094309533,71.7125052285766,102.454881748659,173.280587654541,325.10063169987,432.698949520158
"Southern Africa","Fossil-fuel-fires",0,0,0,0,0,0,0,0,0,0,0,0,0
"Southern Africa","IND",0,0,0.07928844327837,0.158963659450781,0.240572740093396,0.297815128411439,0.389480304299115,0.458325879438383,0.52717145457765,0.653259418034961,0.790563795419455,1.0543429091553,1.35215803756674
"Southern Africa","International-shipping",0,0,0,0,0,0,0,0,0,0,0,0,0
"Southern Africa","SLV",0,0,0,0,0,0,0,0,0,0,0,0,0
"Southern Africa","TRA",0,0,0,0,0,0,0,0,0,0.0134278051465745,0.058187155635156,0.264080167882631,0.783288633550177
"Southern Africa","WST",49.624110936235,52.2860212652645,55.488029342213,58.9732380239956,62.6986849897553,66.7502948812062,71.1385890830483,82.4981774305139,95.9199571791249,113.420527062995,129.527013474151,164.738580935885,212.558274396118
"Taiwan","AGR",0,0,30.0912139181634,60.1805320879542,91.1854967217073,93.5220065909277,98.3229893445187,107.801731207482,112.100340642336,137.754555494446,166.062818068186,165.11494388189,167.389841929001
"Taiwan","Aviation",0,0,0,0,0,0,0,0,0,0,0,0,0
"Taiwan","DOM",0.251906427767592,0.251906427767592,0.264690678976798,0.277474930186003,0.29063704103686,0.300398415112854,0.359596425638238,0.429815342378454,0.513574229611179,0.613392151614087,0.73556676908137,1.07784462781059,1.55457754236075
"Taiwan","ENE",0,0,0,0,0,0.653900736595818,3.61793254262504,17.9226077804182,24.9389149541106,44.5272990635211,21.9510181576947,61.8580550823489,71.1654013331653
"Taiwan","Fossil-fuel-fires",0,0,0,0,0,0,0,0,0,0,0,0,0
"Taiwan","IND",0,0,0.015653366859419,0.0314846128876949,0.047671617253685,0.101391126248509,0.202604373328161,0.244405978009564,0.315913403890092,0.47671617253685,0.613861011725623,1.15016670582958,1.84727516858029
"Taiwan","International-shipping",0,0,0,0,0,0,0,0,0,0,0,0,0
"Taiwan","SLV",0,0,0,0,0,0,0,0,0,0,0,0,0
"Taiwan","TRA",0,0,0,0,0,0,0,0,0,0,0,0.20768649866487,0.623298766154363
"Taiwan","WST",15.1336837647069,15.6309692936192,16.1310485614579,16.6646526964144,17.1954630924443,19.7014469094911,22.5287107030822,25.6996043846296,31.7368742047389,40.3918773989537,60.8169026904014,81.2419279818491,102.840323622416
"Thailand","AGR",22.2416233373912,25.8729087802306,167.35686784686,308.840826913489,454.591546375455,477.740991073556,527.126473096171,632.978443754939,700.701917263893,867.377919090221,1276.62378849822,1394.73134752657,1651.69018367549
"Thailand","Aviation",0,0,0,0,0,0,0,0,0,0,0,0,0
"Thailand","DOM",7.89057025614263,8.76730028460292,12.0918605525243,15.4155440904173,18.8409283116117,22.1725024197608,26.1966932503935,30.9836392057867,36.0423714700026,41.9602991621096,46.5280626103877,56.7068982408117,71.4096608180908
"Thailand","ENE",0,0,0,0,0,0,0,0,0,0,0,54.2499765339302,244.124894402686
"Thailand","Fossil-fuel-fires",0,0,0,0,0,0,0,0,0,0,0,0,0
"Thailand","IND",0,0,0.0959156426157282,0.190872128805299,0.289665240699499,0.343378000564307,0.407641481116845,0.485333151635584,0.568779760711268,0.672368654736254,0.730877196731848,0.907361979144788,1.17304830919036
"Thailand","International-shipping",0,0,0,0,0,0,0,0,0,0,0,0,0
"Thailand","SLV",0,0,0,0,0,0,0,0,0,0,0,0,0
"Thailand","TRA",0,0,0,0,0,0,0,0,0,0.0247106829995626,0.0500892222964106,0.375335239074437,1.17743065211429
"Thailand","WST",22.3751071468536,25.6962244049598,29.0227670588202,32.3593854476527,35.6836029319041,39.0070453596193,46.094162327676,54.2996858776341,68.4506681176581,85.5739921744469,113.406272393489,152.329611647186,204.831941417107
"Turkey","AGR",175.833197003499,181.617183747035,182.658301360871,183.710986948195,184.786808482493,187.979569164925,200.866291629523,216.968910723528,431.149939836671,570.763811852146,742.432538400299,1022.30808894653,1023.46488629523
"Turkey","Aviation",0,0,0,0,0,0,0,0,0,0,0,0,0
"Turkey","DOM",52.1217128257061,54.1524289098245,53.6833334943931,53.2142380789618,52.7309276509416,52.3044772732767,55.7702327235055,59.7842815164462,64.6783072791716,72.286723541002,80.3283592341109,89.4327363445752,101.427499348101
"Turkey","ENE",0,0,0.268258950363549,0.536338102502994,0.812687972951235,2.2942253395703,4.17311678145977,3.11770120596779,8.704032028887,16.5090729372527,23.9077698591428,34.9078252098412,43.8294130898944
"Turkey","Fossil-fuel-fires",0,0,0,0,0,0,0,0,0,0,0,0,0
"Turkey","IND",0,0,0.0368017244339122,0.074386464281312,0.111971204128712,0.216895269536036,0.425960384937197,0.514441126661284,0.65616691650252,1.03044828414954,1.346003495785,2.50721535398696,3.73341749150837
"Turkey","International-shipping",0,0,0,0,0,0,0,0,0,0,0,0,0.00670406812340059
"Turkey","SLV",0,0,0,0,0,0,0,0,0,0,0,0,0
"Turkey","TRA",0,0,0,0,0,0,0,0.00231094513057291,0.00231094513057291,0.0207985061751562,0.0801127645265274,0.714852360390552,1.11002397771852
"Turkey","WST",48.4815867854242,50.1869369782031,51.9586182324326,53.1782538784601,54.3379775980161,55.4741644893154,56.6189102272536,62.1650428491893,69.0099804485613,82.5992891992997,93.4904215471596,122.738140223564,157.307321797635
"Ukraine+","AGR",743.897514011279,835.230126941489,876.501878697488,917.773630453488,960.302860213599,1102.29198179365,1098.50631117075,1648.88457865454,1797.00225092831,1571.5827729281,1817.1218989941,2405.62160491832,2907.81860992879
"Ukraine+","Aviation",0,0,0,0,0,0,0,0,0,0,0,0,0
"Ukraine+","DOM",5.55452254345338,6.66542705214405,7.40195674140597,8.13959733517658,8.89834511461231,10.9090822753424,13.819652088112,15.2860460395837,33.3493533508941,86.2395170096571,134.552754092615,206.772656202595,252.486376735217
"Ukraine+","ENE",0.833820359686376,0.833820359686376,8.44993552506174,16.0668845107968,23.9139679158053,64.3792699713851,95.8643267531427,26.7656335459327,169.173812776769,537.939205051666,718.369592684201,1590.92924628161,2531.72875811574
"Ukraine+","Fossil-fuel-fires",0,0,0,0,0,0,0,0,0,0,0,0,0
"Ukraine+","IND",0,0,1.38987501670509,2.78384995971314,4.21472423944788,6.66238024231791,11.3321963013949,13.3452601161506,18.4250688055241,30.5403510307853,40.5933703256552,69.2190557729559,103.359142097744
"Ukraine+","International-shipping",0,0,0,0,0,0,0,0,0,0,0,0,0
"Ukraine+","SLV",0,0,0,0,0,0,0,0,0,0,0,0,0
"Ukraine+","TRA",0,0,0,0,0,0.0161736668599962,0.0161736668599962,0.0161736668599962,0.072781500869983,0.452862672079894,1.76292968773959,10.3349731235376,19.3598792314155
"Ukraine+","WST",100.109342089303,112.477480109096,125.027057806441,143.836304379329,165.556145779613,195.644892306982,234.3671434912,241.375251036645,236.06814046825,252.647191004561,291.293842323132,320.150311040461,355.311808552721
"United Kingdom","AGR",299.431950427527,328.530353133651,399.004807171578,469.479261209505,542.09385583356,943.633040015025,772.299767565068,783.32900084884,906.790707556466,1075.88997360512,1008.21272085958,1187.77802530092,1315.43553394714
"United Kingdom","Aviation",0,0,0,0,0,0,0,0,0,0,0,0,0
"United Kingdom","DOM",69.8733450225335,64.5998850208328,70.2556708726568,75.9114567244807,81.7386300263599,124.677778090207,187.286931960398,213.706966568918,274.246287388442,271.925964987693,234.708521025691,237.318883726533,254.418077782047
"United Kingdom","ENE",1057.19556836528,1157.15961924223,1641.77322103902,2126.32623856254,2625.66181876121,3251.61853007067,3825.35159783108,3322.92621969622,3522.36964726405,3240.59219233757,3127.72369125651,2797.66057054281,2105.72758565457
"United Kingdom","Fossil-fuel-fires",0,0,0,0,0,0,0,0,0,0,0,0,0
"United Kingdom","IND",7.69662323757027,7.69662323757027,7.38327470881423,7.06992618005818,6.74767570446248,9.89006293886255,14.7647690282605,16.8941147123073,20.3961405990296,20.987229869183,19.4721185170729,24.2186365719797,34.5840634720801
"United Kingdom","International-shipping",0,0,0,0,0,0,0,0,0,0,0,0.710373159970042,0.662323448462871
"United Kingdom","SLV",0,0,0,0,0,0,0,0,0,0,0,0,0
"United Kingdom","TRA",0,0,0.0158171310058259,0.0305797866112635,0.0463969176170894,0.0780311796287413,0.117046769443112,0.148681031454764,0.16449816246059,0.312124718514965,0.983825548562373,4.58485904088874,17.9492802654113
"United Kingdom","WST",791.638455077668,865.456434630814,965.948830079769,1090.50723225304,1207.59734711426,1344.23680229233,1480.75270124648,1556.1219978332,1626.54904546341,1687.22887987384,1789.2314069484,1850.73494951825,1966.46594591643
"USA","AGR",4766.12477492467,6385.03522870691,6437.65254756888,6490.26986643085,6544.41548916019,6703.68658505151,6798.44142482784,7884.62881627311,7059.23556333666,7578.85887823912,8053.50639361641,9368.61187147984,9886.59771795299
"USA","Aviation",0,0,0,0,0,0,0,0,0,0,0,0,0
"USA","DOM",42.6144841190412,82.264482386323,109.267242888536,136.27000339075,164.091703109511,212.353532776154,283.404847428197,319.315887914948,322.639817676233,286.039534228949,328.190817433652,253.626587047274,232.382340312104
"USA","ENE",231.18645004632,309.723473746266,1024.21128146837,1738.76545850627,2474.801170759,4210.02693242245,7874.94055105148,10422.0842760355,8838.40178545504,8663.85048489375,10017.3420651649,8894.04139520303,12863.4795578404
"USA","Fossil-fuel-fires",0,0.0167732870748607,0.0772180571502847,0.252251404879312,0.699568910704509,1.69056813630204,3.23237131204556,5.42985652704011,7.64126381742974,9.32425739047971,11.610241372877,13.2965833396314,14.8671373371629
"USA","IND",1.20175026074913,3.20492596975768,7.26118868545599,11.3171927933943,15.4962941950956,19.6588447001565,25.9978381134301,29.3468086055113,30.8751804671483,30.9656931831505,36.5490347216858,43.484894845054,51.8767166572573
"USA","International-shipping",0,0,0,0,0,0,0,0,0,0,0,1.65765861968784,1.18128492248474
"USA","SLV",0,0,0,0,0,0,0,0,0,0,0,0,0
"USA","TRA",0,0,0.108008494654097,0.216016989308195,0.328934960992024,0.52040456515156,0.819882663965194,1.09481337763017,1.38199323648433,3.28444013289051,14.3921319126585,60.5387612536216,164.457661541953
"USA","WST",619.185243063953,829.828933871589,1013.80962027257,1315.77856816928,1642.26636226274,1982.55221150335,2383.29141027357,2757.92349750638,3205.31799065908,3440.48052766345,4112.91236627369,4859.29780980932,5494.10761316221
"Venezuela","AGR",0,1.06171950072168,4.54097430458664,8.02022910845159,11.604594142888,26.4474327629771,86.1691546785717,95.437965919872,81.4763544853819,118.827646520771,158.981878038065,414.760722956925,540.224116357206
"Venezuela","Aviation",0,0,0,0,0,0,0,0,0,0,0,0,0
"Venezuela","DOM",0.553401309781304,0.69175163722663,1.02821963357366,1.36468762992069,1.71139355049868,2.05381061092586,2.42389773684211,2.83064769953137,3.15646272066511,3.32801712669731,3.30103881284548,3.80947626620705,4.17402937902548
"Venezuela","ENE",0,0,0,0,0,0,0,5.98335248822658,1231.01937304069,1679.77080965769,4834.10559919165,9403.61405501507,12419.0021034336
"Venezuela","Fossil-fuel-fires",0,0,0,0,0,0,0,0,0,0,0,0,0
"Venezuela","IND",0,0,0.0711617901228007,0.143641391173801,0.217438803153002,0.271469051209203,0.339995219475603,0.407203576813804,0.488907854362205,0.570612131910606,0.652316409459006,1.07269809555481,1.31781092820001
"Venezuela","International-shipping",0,0,0,0,0,0,0,0,0,0,0,0,0
"Venezuela","SLV",0,0,0,0,0,0,0,0,0,0,0,0,0
"Venezuela","TRA",0,0,0,0,0,0,0,0,0,0.0571605005548884,0.228642002219554,1.74747815982088,3.57865562402569
"Venezuela","WST",12.7399247939035,15.621213385934,17.5793190218846,19.8252874700768,22.4144564984832,22.9976314378859,23.3775464987741,23.7994969795646,31.1466498657617,37.6733139229818,51.0102480982811,75.6052254924505,106.652905888569
"Western Africa","AGR",70.1594043732583,71.8102138879232,147.508084182882,223.197700430268,301.190195950611,326.538376048291,359.150118010496,547.136051492961,719.752948393897,701.173087306343,1910.15168941876,1448.58534911845,1949.27587491631
"Western Africa","Aviation",0,0,0,0,0,0,0,0,0,0,0,0,0
"Western Africa","DOM",76.7353853395792,78.9791100571108,92.9664899462025,106.953869835294,121.367557420717,135.601747028737,156.76007111506,182.670604153114,210.618439234687,243.134497841154,279.08794271488,336.953603180019,410.947156914775
"Western Africa","ENE",0,0,0,0,0,0,0,37.2112052227274,90.1940470961472,66.9062398541092,172.440667911282,158.086014240925,1043.39233717237
"Western Africa","Fossil-fuel-fires",0,0,0,0,0,0,0,0,0,0,0,0,0
"Western Africa","IND",0,0,0.043373462459863,0.0867469249197259,0.131286340671521,0.150641165317589,0.18258828551652,0.211503927156429,0.24345104735536,0.285192175206518,0.33952559861054,0.419509994437062,0.493198242487151
"Western Africa","International-shipping",0,0,0,0,0,0,0,0,0,0,0,0,0
"Western Africa","SLV",0,0,0,0,0,0,0,0,0,0,0,0,0
"Western Africa","TRA",0,0,0,0,0,0,0,0,0,0.0414774825089194,0.164373726979792,0.778854949334153,1.76356110815702
"Western Africa","WST",258.00106186981,263.038849101583,271.647615497645,280.605621909774,289.921599338373,299.630471785047,309.740970250199,331.533547252806,356.15496838556,384.094169670954,416.005976139115,518.464265852895,664.158469555823
"Western Europe","AGR",658.067170395163,693.387159766655,867.440349495748,1041.47494975675,1220.86331682775,2238.54374742897,1778.45441219506,1888.59701062985,2201.17891656755,2575.10606720311,2444.79389589039,2849.48661621533,3170.15494077229
"Western Europe","Aviation",0,0,0,0,0,0,0,0,0,0,0,0,0
"Western Europe","DOM",22.7719723485197,72.6534355881343,75.6983736050221,78.7443960015455,81.881506287463,99.9689586100015,126.514572090562,137.282461872505,161.789441638054,160.542405057064,147.041878593299,151.628804452072,170.063258258016
"Western Europe","ENE",126.627363994119,132.958732193825,184.943787519268,236.933365250568,290.49674022008,345.882644749937,363.863730437102,354.954590898944,435.168503583362,429.375301680631,472.184395522357,431.410384316251,271.186067210977
"Western Europe","Fossil-fuel-fires",0,0,0,0,0,0,0,0,0,0,0,0,0
"Western Europe","IND",0.7811199466273,1.56359600427305,5.52886462222136,9.49413324016967,13.5787396277416,15.0324906395202,17.5968965754095,18.4959981806419,20.0826480722286,21.9974768302803,23.623453941402,30.8474573366861,41.2596777363465
"Western Europe","International-shipping",0,0,0,0,0,0,0,0,0,0,0,0.707216514095699,2.07167749076554
"Western Europe","SLV",0,0,0,0,0,0,0,0,0,0,0,0,0
"Western Europe","TRA",0,0,0.0236605026044182,0.0458422237960603,0.0695027264004786,0.116823731609315,0.186326458009794,0.23364746321863,0.257307965823048,0.490955429041678,1.58821123732157,7.84493539477742,34.1554142908905
"Western Europe","WST",661.917779641365,696.084114236319,738.014393764723,790.064345108093,840.679293808848,899.987206494919,979.285618422029,1033.94843584877,1106.44510114615,1191.46693401779,1285.53011301919,1389.29822318741,1503.18600517059
